cp,id,x,y,z
0.68589274773816,4000,0,0,0
0.039349017708058,4001,0.00025,0,0
0.1637200390567,4002,0.0005,0,0
0.14328190371668,4003,0.00075,0,0
0.1470235320884,4004,0.001,0,0
0.14634590401154,4005,0.00125,0,0
0.14646888470778,4006,0.0015,0,0
0.14644657371949,4007,0.00175,0,0
0.14645062162571,4008,0.002,0,0
0.14644988721893,4009,0.00225,0,0
0.14645002046177,4010,0.0025,0,0
0.14644999628764,4011,0.00275,0,0
0.14645000067353,4012,0.003,0,0
0.1464499998778,4013,0.00325,0,0
0.14645000002217,4014,0.0035,0,0
0.14644999999598,4015,0.00375,0,0
0.14645000000073,4016,0.004,0,0
0.14644999999987,4017,0.00425,0,0
0.14645000000002,4018,0.0045,0,0
0.14645,4019,0.00475,0,0
0.14645,4020,0.005,0,0
0.14645,4021,0.00525,0,0
0.14645,4022,0.0055,0,0
0.14645,4023,0.00575,0,0
0.14645,4024,0.006,0,0
0.14645,4025,0.00625,0,0
0.14645,4026,0.0065,0,0
0.14645,4027,0.00675,0,0
0.14645,4028,0.007,0,0
0.14645,4029,0.00725,0,0
0.14645,4030,0.0075,0,0
0.14645,4031,0.00775,0,0
0.14645,4032,0.008,0,0
0.14645,4033,0.00825,0,0
0.14645,4034,0.0085,0,0
0.14645,4035,0.00875,0,0
0.14645,4036,0.009,0,0
0.14645,4037,0.00925,0,0
0.14645,4038,0.0095,0,0
0.14645,4039,0.00975,0,0
0.14645,4040,0.01,0,0
0.14645,4041,0.01025,0,0
0.14645,4042,0.0105,0,0
0.14645,4043,0.01075,0,0
0.14645,4044,0.011,0,0
0.14645,4045,0.01125,0,0
0.14645,4046,0.0115,0,0
0.14645,4047,0.01175,0,0
0.14645,4048,0.012,0,0
0.14645,4049,0.01225,0,0
0.14645,4050,0.0125,0,0
0.14645,4051,0.01275,0,0
0.14645,4052,0.013,0,0
0.14645,4053,0.01325,0,0
0.14645,4054,0.0135,0,0
0.14645,4055,0.01375,0,0
0.14645,4056,0.014,0,0
0.14645,4057,0.01425,0,0
0.14645,4058,0.0145,0,0
0.14645,4059,0.01475,0,0
0.14645,4060,0.015,0,0
0.14645,4061,0.01525,0,0
0.14645,4062,0.0155,0,0
0.14645,4063,0.01575,0,0
0.14645,4064,0.016,0,0
0.14645,4065,0.01625,0,0
0.14645,4066,0.0165,0,0
0.14645,4067,0.01675,0,0
0.14645,4068,0.017,0,0
0.14645,4069,0.01725,0,0
0.14645,4070,0.0175,0,0
0.14645,4071,0.01775,0,0
0.14645,4072,0.018,0,0
0.14645,4073,0.01825,0,0
0.14645,4074,0.0185,0,0
0.14645,4075,0.01875,0,0
0.14645,4076,0.019,0,0
0.14645,4077,0.01925,0,0
0.14645,4078,0.0195,0,0
0.14645,4079,0.01975,0,0
0.14645,4080,0.02,0,0
0.14645,4081,0.02025,0,0
0.14645,4082,0.0205,0,0
0.14645,4083,0.02075,0,0
0.14645,4084,0.021,0,0
0.14645,4085,0.02125,0,0
0.14645,4086,0.0215,0,0
0.14645,4087,0.02175,0,0
0.14645,4088,0.022,0,0
0.14645,4089,0.02225,0,0
0.14645,4090,0.0225,0,0
0.14645,4091,0.02275,0,0
0.14645,4092,0.023,0,0
0.14645,4093,0.02325,0,0
0.14645,4094,0.0235,0,0
0.14645,4095,0.02375,0,0
0.14645,4096,0.024,0,0
0.14645,4097,0.02425,0,0
0.14645,4098,0.0245,0,0
0.14645,4099,0.02475,0,0
0.14645,4100,0.025,0,0
0.14645,4101,0.02525,0,0
0.14645,4102,0.0255,0,0
0.14645,4103,0.02575,0,0
0.14645,4104,0.026,0,0
0.14645,4105,0.02625,0,0
0.14645,4106,0.0265,0,0
0.14645,4107,0.02675,0,0
0.14645,4108,0.027,0,0
0.14645,4109,0.02725,0,0
0.14645,4110,0.0275,0,0
0.14645,4111,0.02775,0,0
0.14645,4112,0.028,0,0
0.14645,4113,0.02825,0,0
0.14645,4114,0.0285,0,0
0.14645,4115,0.02875,0,0
0.14645,4116,0.029,0,0
0.14645,4117,0.02925,0,0
0.14645,4118,0.0295,0,0
0.14645,4119,0.02975,0,0
0.14645,4120,0.03,0,0
0.14645,4121,0.03025,0,0
0.14645,4122,0.0305,0,0
0.14645,4123,0.03075,0,0
0.14645,4124,0.031,0,0
0.14645,4125,0.03125,0,0
0.14645,4126,0.0315,0,0
0.14645,4127,0.03175,0,0
0.14645,4128,0.032,0,0
0.14645,4129,0.03225,0,0
0.14645,4130,0.0325,0,0
0.14645,4131,0.03275,0,0
0.14645,4132,0.033,0,0
0.14645,4133,0.03325,0,0
0.14645,4134,0.0335,0,0
0.14645,4135,0.03375,0,0
0.14645,4136,0.034,0,0
0.14645,4137,0.03425,0,0
0.14645,4138,0.0345,0,0
0.14645,4139,0.03475,0,0
0.14645,4140,0.035,0,0
0.14645,4141,0.03525,0,0
0.14645,4142,0.0355,0,0
0.14645,4143,0.03575,0,0
0.14645,4144,0.036,0,0
0.14645,4145,0.03625,0,0
0.14645,4146,0.0365,0,0
0.14645,4147,0.03675,0,0
0.14645,4148,0.037,0,0
0.14645,4149,0.03725,0,0
0.14645,4150,0.0375,0,0
0.14645,4151,0.03775,0,0
0.14645,4152,0.038,0,0
0.14645,4153,0.03825,0,0
0.14645,4154,0.0385,0,0
0.14645,4155,0.03875,0,0
0.14645,4156,0.039,0,0
0.14645,4157,0.03925,0,0
0.14645,4158,0.0395,0,0
0.14645,4159,0.03975,0,0
0.14645,4160,0.04,0,0
0.14645,4161,0.04025,0,0
0.14645,4162,0.0405,0,0
0.14645,4163,0.04075,0,0
0.14645,4164,0.041,0,0
0.14645,4165,0.04125,0,0
0.14645,4166,0.0415,0,0
0.14645,4167,0.04175,0,0
0.14645,4168,0.042,0,0
0.14645,4169,0.04225,0,0
0.14645,4170,0.0425,0,0
0.14645,4171,0.04275,0,0
0.14645,4172,0.043,0,0
0.14645,4173,0.04325,0,0
0.14645,4174,0.0435,0,0
0.14645,4175,0.04375,0,0
0.14645,4176,0.044,0,0
0.14645,4177,0.04425,0,0
0.14645,4178,0.0445,0,0
0.14645,4179,0.04475,0,0
0.14645,4180,0.045,0,0
0.14645,4181,0.04525,0,0
0.14645,4182,0.0455,0,0
0.14645,4183,0.04575,0,0
0.14645,4184,0.046,0,0
0.14645,4185,0.04625,0,0
0.14645,4186,0.0465,0,0
0.14645,4187,0.04675,0,0
0.14645,4188,0.047,0,0
0.14645,4189,0.04725,0,0
0.14645,4190,0.0475,0,0
0.14645,4191,0.04775,0,0
0.14645,4192,0.048,0,0
0.14645,4193,0.04825,0,0
0.14645,4194,0.0485,0,0
0.14645,4195,0.04875,0,0
0.14645,4196,0.049,0,0
0.14645,4197,0.04925,0,0
0.14645,4198,0.0495,0,0
0.14645,4199,0.04975,0,0
0.14645,4200,0.05,0,0
0.14645,4201,0.05025,0,0
0.14645,4202,0.0505,0,0
0.14645,4203,0.05075,0,0
0.14645,4204,0.051,0,0
0.14645,4205,0.05125,0,0
0.14645,4206,0.0515,0,0
0.14645,4207,0.05175,0,0
0.14645,4208,0.052,0,0
0.14645,4209,0.05225,0,0
0.14645,4210,0.0525,0,0
0.14645,4211,0.05275,0,0
0.14645,4212,0.053,0,0
0.14645,4213,0.05325,0,0
0.14645,4214,0.0535,0,0
0.14645,4215,0.05375,0,0
0.14645,4216,0.054,0,0
0.14645,4217,0.05425,0,0
0.14645,4218,0.0545,0,0
0.14645,4219,0.05475,0,0
0.14645,4220,0.055,0,0
0.14645,4221,0.05525,0,0
0.14645,4222,0.0555,0,0
0.14645,4223,0.05575,0,0
0.14645,4224,0.056,0,0
0.14645,4225,0.05625,0,0
0.14645,4226,0.0565,0,0
0.14645,4227,0.05675,0,0
0.14645,4228,0.057,0,0
0.14645,4229,0.05725,0,0
0.14645,4230,0.0575,0,0
0.14645,4231,0.05775,0,0
0.14645,4232,0.058,0,0
0.14645,4233,0.05825,0,0
0.14645,4234,0.0585,0,0
0.14645,4235,0.05875,0,0
0.14645,4236,0.059,0,0
0.14645,4237,0.05925,0,0
0.14645,4238,0.0595,0,0
0.14645,4239,0.05975,0,0
0.14645,4240,0.06,0,0
0.14645,4241,0.06025,0,0
0.14645,4242,0.0605,0,0
0.14645,4243,0.06075,0,0
0.14645,4244,0.061,0,0
0.14645,4245,0.06125,0,0
0.14645,4246,0.0615,0,0
0.14645,4247,0.06175,0,0
0.14645,4248,0.062,0,0
0.14645,4249,0.06225,0,0
0.14645,4250,0.0625,0,0
0.14645,4251,0.06275,0,0
0.14645,4252,0.063,0,0
0.14645,4253,0.06325,0,0
0.14645,4254,0.0635,0,0
0.14645,4255,0.06375,0,0
0.14645,4256,0.064,0,0
0.14645,4257,0.06425,0,0
0.14645,4258,0.0645,0,0
0.14645,4259,0.06475,0,0
0.14645,4260,0.065,0,0
0.14645,4261,0.06525,0,0
0.14645,4262,0.0655,0,0
0.14645,4263,0.06575,0,0
0.14645,4264,0.066,0,0
0.14645,4265,0.06625,0,0
0.14645,4266,0.0665,0,0
0.14645,4267,0.06675,0,0
0.14645,4268,0.067,0,0
0.14645,4269,0.06725,0,0
0.14645,4270,0.0675,0,0
0.14645,4271,0.06775,0,0
0.14645,4272,0.068,0,0
0.14645,4273,0.06825,0,0
0.14645,4274,0.0685,0,0
0.14645,4275,0.06875,0,0
0.14645,4276,0.069,0,0
0.14645,4277,0.06925,0,0
0.14645,4278,0.0695,0,0
0.14645,4279,0.06975,0,0
0.14645,4280,0.07,0,0
0.14645,4281,0.07025,0,0
0.14645,4282,0.0705,0,0
0.14645,4283,0.07075,0,0
0.14645,4284,0.071,0,0
0.14645,4285,0.07125,0,0
0.14645,4286,0.0715,0,0
0.14645,4287,0.07175,0,0
0.14645,4288,0.072,0,0
0.14645,4289,0.07225,0,0
0.14645,4290,0.0725,0,0
0.14645,4291,0.07275,0,0
0.14645,4292,0.073,0,0
0.14645,4293,0.07325,0,0
0.14645,4294,0.0735,0,0
0.14645,4295,0.07375,0,0
0.14645,4296,0.074,0,0
0.14645,4297,0.07425,0,0
0.14645,4298,0.0745,0,0
0.14645,4299,0.07475,0,0
0.14645,4300,0.075,0,0
0.14645,4301,0.07525,0,0
0.14645,4302,0.0755,0,0
0.14645,4303,0.07575,0,0
0.14645,4304,0.076,0,0
0.14645,4305,0.07625,0,0
0.14645,4306,0.0765,0,0
0.14645,4307,0.07675,0,0
0.14645,4308,0.077,0,0
0.14645,4309,0.07725,0,0
0.14645,4310,0.0775,0,0
0.14645,4311,0.07775,0,0
0.14645,4312,0.078,0,0
0.14645,4313,0.07825,0,0
0.14645,4314,0.0785,0,0
0.14645,4315,0.07875,0,0
0.14645,4316,0.079,0,0
0.14645,4317,0.07925,0,0
0.14645,4318,0.0795,0,0
0.14645,4319,0.07975,0,0
0.14645,4320,0.08,0,0
0.14645,4321,0.08025,0,0
0.14645,4322,0.0805,0,0
0.14645,4323,0.08075,0,0
0.14645,4324,0.081,0,0
0.14645,4325,0.08125,0,0
0.14645,4326,0.0815,0,0
0.14645,4327,0.08175,0,0
0.14645,4328,0.082,0,0
0.14645,4329,0.08225,0,0
0.14645,4330,0.0825,0,0
0.14645,4331,0.08275,0,0
0.14645,4332,0.083,0,0
0.14645,4333,0.08325,0,0
0.14645,4334,0.0835,0,0
0.14645,4335,0.08375,0,0
0.14645,4336,0.084,0,0
0.14645,4337,0.08425,0,0
0.14645,4338,0.0845,0,0
0.14645,4339,0.08475,0,0
0.14645,4340,0.085,0,0
0.14645,4341,0.08525,0,0
0.14645,4342,0.0855,0,0
0.14645,4343,0.08575,0,0
0.14645,4344,0.086,0,0
0.14645,4345,0.08625,0,0
0.14645,4346,0.0865,0,0
0.14645,4347,0.08675,0,0
0.14645,4348,0.087,0,0
0.14645,4349,0.08725,0,0
0.14645,4350,0.0875,0,0
0.14645,4351,0.08775,0,0
0.14645,4352,0.088,0,0
0.14645,4353,0.08825,0,0
0.14645,4354,0.0885,0,0
0.14645,4355,0.08875,0,0
0.14645,4356,0.089,0,0
0.14645,4357,0.08925,0,0
0.14645,4358,0.0895,0,0
0.14645,4359,0.08975,0,0
0.14645,4360,0.09,0,0
0.14645,4361,0.09025,0,0
0.14645,4362,0.0905,0,0
0.14645,4363,0.09075,0,0
0.14645,4364,0.091,0,0
0.14645,4365,0.09125,0,0
0.14645,4366,0.0915,0,0
0.14645,4367,0.09175,0,0
0.14645,4368,0.092,0,0
0.14645,4369,0.09225,0,0
0.14645,4370,0.0925,0,0
0.14645,4371,0.09275,0,0
0.14645,4372,0.093,0,0
0.14645,4373,0.09325,0,0
0.14645,4374,0.0935,0,0
0.14645,4375,0.09375,0,0
0.14645,4376,0.094,0,0
0.14645,4377,0.09425,0,0
0.14645,4378,0.0945,0,0
0.14645,4379,0.09475,0,0
0.14645,4380,0.095,0,0
0.14645,4381,0.09525,0,0
0.14645,4382,0.0955,0,0
0.14645,4383,0.09575,0,0
0.14645,4384,0.096,0,0
0.14645,4385,0.09625,0,0
0.14645,4386,0.0965,0,0
0.14645,4387,0.09675,0,0
0.14645,4388,0.097,0,0
0.14645,4389,0.09725,0,0
0.14645,4390,0.0975,0,0
0.14645,4391,0.09775,0,0
0.14645,4392,0.098,0,0
0.14645,4393,0.09825,0,0
0.14645,4394,0.0985,0,0
0.14645,4395,0.09875,0,0
0.14645,4396,0.099,0,0
0.14645,4397,0.09925,0,0
0.14645,4398,0.0995,0,0
0.14645,4399,0.09975,0,0
0.14645,4400,0.1,0,0
0.14645,4401,0.10025,0,0
0.14645,4402,0.1005,0,0
0.14645,4403,0.10075,0,0
0.14645,4404,0.101,0,0
0.14645,4405,0.10125,0,0
0.14645,4406,0.1015,0,0
0.14645,4407,0.10175,0,0
0.14645,4408,0.102,0,0
0.14645,4409,0.10225,0,0
0.14645,4410,0.1025,0,0
0.14645,4411,0.10275,0,0
0.14645,4412,0.103,0,0
0.14645,4413,0.10325,0,0
0.14645,4414,0.1035,0,0
0.14645,4415,0.10375,0,0
0.14645,4416,0.104,0,0
0.14645,4417,0.10425,0,0
0.14645,4418,0.1045,0,0
0.14645,4419,0.10475,0,0
0.14645,4420,0.105,0,0
0.14645,4421,0.10525,0,0
0.14645,4422,0.1055,0,0
0.14645,4423,0.10575,0,0
0.14645,4424,0.106,0,0
0.14645,4425,0.10625,0,0
0.14645,4426,0.1065,0,0
0.14645,4427,0.10675,0,0
0.14645,4428,0.107,0,0
0.14645,4429,0.10725,0,0
0.14645,4430,0.1075,0,0
0.14645,4431,0.10775,0,0
0.14645,4432,0.108,0,0
0.14645,4433,0.10825,0,0
0.14645,4434,0.1085,0,0
0.14645,4435,0.10875,0,0
0.14645,4436,0.109,0,0
0.14645,4437,0.10925,0,0
0.14645,4438,0.1095,0,0
0.14645,4439,0.10975,0,0
0.14645,4440,0.11,0,0
0.14645,4441,0.11025,0,0
0.14645,4442,0.1105,0,0
0.14645,4443,0.11075,0,0
0.14645,4444,0.111,0,0
0.14645,4445,0.11125,0,0
0.14645,4446,0.1115,0,0
0.14645,4447,0.11175,0,0
0.14645,4448,0.112,0,0
0.14645,4449,0.11225,0,0
0.14645,4450,0.1125,0,0
0.14645,4451,0.11275,0,0
0.14645,4452,0.113,0,0
0.14645,4453,0.11325,0,0
0.14645,4454,0.1135,0,0
0.14645,4455,0.11375,0,0
0.14645,4456,0.114,0,0
0.14645,4457,0.11425,0,0
0.14645,4458,0.1145,0,0
0.14645,4459,0.11475,0,0
0.14645,4460,0.115,0,0
0.14645,4461,0.11525,0,0
0.14645,4462,0.1155,0,0
0.14645,4463,0.11575,0,0
0.14645,4464,0.116,0,0
0.14645,4465,0.11625,0,0
0.14645,4466,0.1165,0,0
0.14645,4467,0.11675,0,0
0.14645,4468,0.117,0,0
0.14645,4469,0.11725,0,0
0.14645,4470,0.1175,0,0
0.14645,4471,0.11775,0,0
0.14645,4472,0.118,0,0
0.14645,4473,0.11825,0,0
0.14645,4474,0.1185,0,0
0.14645,4475,0.11875,0,0
0.14645,4476,0.119,0,0
0.14645,4477,0.11925,0,0
0.14645,4478,0.1195,0,0
0.14645,4479,0.11975,0,0
0.14645,4480,0.12,0,0
0.14645,4481,0.12025,0,0
0.14645,4482,0.1205,0,0
0.14645,4483,0.12075,0,0
0.14645,4484,0.121,0,0
0.14645,4485,0.12125,0,0
0.14645,4486,0.1215,0,0
0.14645,4487,0.12175,0,0
0.14645,4488,0.122,0,0
0.14645,4489,0.12225,0,0
0.14645,4490,0.1225,0,0
0.14645,4491,0.12275,0,0
0.14645,4492,0.123,0,0
0.14645,4493,0.12325,0,0
0.14645,4494,0.1235,0,0
0.14645,4495,0.12375,0,0
0.14645,4496,0.124,0,0
0.14645,4497,0.12425,0,0
0.14645,4498,0.1245,0,0
0.14645,4499,0.12475,0,0
0.14645,4500,0.125,0,0
0.14645,4501,0.12525,0,0
0.14645,4502,0.1255,0,0
0.14645,4503,0.12575,0,0
0.14645,4504,0.126,0,0
0.14645,4505,0.12625,0,0
0.14645,4506,0.1265,0,0
0.14645,4507,0.12675,0,0
0.14645,4508,0.127,0,0
0.14645,4509,0.12725,0,0
0.14645,4510,0.1275,0,0
0.14645,4511,0.12775,0,0
0.14645,4512,0.128,0,0
0.14645,4513,0.12825,0,0
0.14645,4514,0.1285,0,0
0.14645,4515,0.12875,0,0
0.14645,4516,0.129,0,0
0.14645,4517,0.12925,0,0
0.14645,4518,0.1295,0,0
0.14645,4519,0.12975,0,0
0.14645,4520,0.13,0,0
0.14645,4521,0.13025,0,0
0.14645,4522,0.1305,0,0
0.14645,4523,0.13075,0,0
0.14645,4524,0.131,0,0
0.14645,4525,0.13125,0,0
0.14645,4526,0.1315,0,0
0.14645,4527,0.13175,0,0
0.14645,4528,0.132,0,0
0.14645,4529,0.13225,0,0
0.14645,4530,0.1325,0,0
0.14645,4531,0.13275,0,0
0.14645,4532,0.133,0,0
0.14645,4533,0.13325,0,0
0.14645,4534,0.1335,0,0
0.14645,4535,0.13375,0,0
0.14645,4536,0.134,0,0
0.14645,4537,0.13425,0,0
0.14645,4538,0.1345,0,0
0.14645,4539,0.13475,0,0
0.14645,4540,0.135,0,0
0.14645,4541,0.13525,0,0
0.14645,4542,0.1355,0,0
0.14645,4543,0.13575,0,0
0.14645,4544,0.136,0,0
0.14645,4545,0.13625,0,0
0.14645,4546,0.1365,0,0
0.14645,4547,0.13675,0,0
0.14645,4548,0.137,0,0
0.14645,4549,0.13725,0,0
0.14645,4550,0.1375,0,0
0.14645,4551,0.13775,0,0
0.14645,4552,0.138,0,0
0.14645,4553,0.13825,0,0
0.14645,4554,0.1385,0,0
0.14645,4555,0.13875,0,0
0.14645,4556,0.139,0,0
0.14645,4557,0.13925,0,0
0.14645,4558,0.1395,0,0
0.14645,4559,0.13975,0,0
0.14645,4560,0.14,0,0
0.14645,4561,0.14025,0,0
0.14645,4562,0.1405,0,0
0.14645,4563,0.14075,0,0
0.14645,4564,0.141,0,0
0.14645,4565,0.14125,0,0
0.14645,4566,0.1415,0,0
0.14645,4567,0.14175,0,0
0.14645,4568,0.142,0,0
0.14645,4569,0.14225,0,0
0.14645,4570,0.1425,0,0
0.14645,4571,0.14275,0,0
0.14645,4572,0.143,0,0
0.14645,4573,0.14325,0,0
0.14645,4574,0.1435,0,0
0.14645,4575,0.14375,0,0
0.14645,4576,0.144,0,0
0.14645,4577,0.14425,0,0
0.14645,4578,0.1445,0,0
0.14645,4579,0.14475,0,0
0.14645,4580,0.145,0,0
0.14645,4581,0.14525,0,0
0.14645,4582,0.1455,0,0
0.14645,4583,0.14575,0,0
0.14645,4584,0.146,0,0
0.14645,4585,0.14625,0,0
0.14645,4586,0.1465,0,0
0.14645,4587,0.14675,0,0
0.14645,4588,0.147,0,0
0.14645,4589,0.14725,0,0
0.14645,4590,0.1475,0,0
0.14645,4591,0.14775,0,0
0.14645,4592,0.148,0,0
0.14645,4593,0.14825,0,0
0.14645,4594,0.1485,0,0
0.14645,4595,0.14875,0,0
0.14645,4596,0.149,0,0
0.14645,4597,0.14925,0,0
0.14645,4598,0.1495,0,0
0.14645,4599,0.14975,0,0
0.14645,4600,0.15,0,0
0.14645,4601,0.15025,0,0
0.14645,4602,0.1505,0,0
0.14645,4603,0.15075,0,0
0.14645,4604,0.151,0,0
0.14645,4605,0.15125,0,0
0.14645,4606,0.1515,0,0
0.14645,4607,0.15175,0,0
0.14645,4608,0.152,0,0
0.14645,4609,0.15225,0,0
0.14645,4610,0.1525,0,0
0.14645,4611,0.15275,0,0
0.14645,4612,0.153,0,0
0.14645,4613,0.15325,0,0
0.14645,4614,0.1535,0,0
0.14645,4615,0.15375,0,0
0.14645,4616,0.154,0,0
0.14645,4617,0.15425,0,0
0.14645,4618,0.1545,0,0
0.14645,4619,0.15475,0,0
0.14645,4620,0.155,0,0
0.14645,4621,0.15525,0,0
0.14645,4622,0.1555,0,0
0.14645,4623,0.15575,0,0
0.14645,4624,0.156,0,0
0.14645,4625,0.15625,0,0
0.14645,4626,0.1565,0,0
0.14645,4627,0.15675,0,0
0.14645,4628,0.157,0,0
0.14645,4629,0.15725,0,0
0.14645,4630,0.1575,0,0
0.14645,4631,0.15775,0,0
0.14645,4632,0.158,0,0
0.14645,4633,0.15825,0,0
0.14645,4634,0.1585,0,0
0.14645,4635,0.15875,0,0
0.14645,4636,0.159,0,0
0.14645,4637,0.15925,0,0
0.14645,4638,0.1595,0,0
0.14645,4639,0.15975,0,0
0.14645,4640,0.16,0,0
0.14645,4641,0.16025,0,0
0.14645,4642,0.1605,0,0
0.14645,4643,0.16075,0,0
0.14645,4644,0.161,0,0
0.14645,4645,0.16125,0,0
0.14645,4646,0.1615,0,0
0.14645,4647,0.16175,0,0
0.14645,4648,0.162,0,0
0.14645,4649,0.16225,0,0
0.14645,4650,0.1625,0,0
0.14645,4651,0.16275,0,0
0.14645,4652,0.163,0,0
0.14645,4653,0.16325,0,0
0.14645,4654,0.1635,0,0
0.14645,4655,0.16375,0,0
0.14645,4656,0.164,0,0
0.14645,4657,0.16425,0,0
0.14645,4658,0.1645,0,0
0.14645,4659,0.16475,0,0
0.14645,4660,0.165,0,0
0.14645,4661,0.16525,0,0
0.14645,4662,0.1655,0,0
0.14645,4663,0.16575,0,0
0.14645,4664,0.166,0,0
0.14645,4665,0.16625,0,0
0.14645,4666,0.1665,0,0
0.14645,4667,0.16675,0,0
0.14645,4668,0.167,0,0
0.14645,4669,0.16725,0,0
0.14645,4670,0.1675,0,0
0.14645,4671,0.16775,0,0
0.14645,4672,0.168,0,0
0.14645,4673,0.16825,0,0
0.14645,4674,0.1685,0,0
0.14645,4675,0.16875,0,0
0.14645,4676,0.169,0,0
0.14645,4677,0.16925,0,0
0.14645,4678,0.1695,0,0
0.14645,4679,0.16975,0,0
0.14645,4680,0.17,0,0
0.14645,4681,0.17025,0,0
0.14645,4682,0.1705,0,0
0.14645,4683,0.17075,0,0
0.14645,4684,0.171,0,0
0.14645,4685,0.17125,0,0
0.14645,4686,0.1715,0,0
0.14645,4687,0.17175,0,0
0.14645,4688,0.172,0,0
0.14645,4689,0.17225,0,0
0.14645,4690,0.1725,0,0
0.14645,4691,0.17275,0,0
0.14645,4692,0.173,0,0
0.14645,4693,0.17325,0,0
0.14645,4694,0.1735,0,0
0.14645,4695,0.17375,0,0
0.14645,4696,0.174,0,0
0.14645,4697,0.17425,0,0
0.14645,4698,0.1745,0,0
0.14645,4699,0.17475,0,0
0.14645,4700,0.175,0,0
0.14645,4701,0.17525,0,0
0.14645,4702,0.1755,0,0
0.14645,4703,0.17575,0,0
0.14645,4704,0.176,0,0
0.14645,4705,0.17625,0,0
0.14645,4706,0.1765,0,0
0.14645,4707,0.17675,0,0
0.14645,4708,0.177,0,0
0.14645,4709,0.17725,0,0
0.14645,4710,0.1775,0,0
0.14645,4711,0.17775,0,0
0.14645,4712,0.178,0,0
0.14645,4713,0.17825,0,0
0.14645,4714,0.1785,0,0
0.14645,4715,0.17875,0,0
0.14645,4716,0.179,0,0
0.14645,4717,0.17925,0,0
0.14645,4718,0.1795,0,0
0.14645,4719,0.17975,0,0
0.14645,4720,0.18,0,0
0.14645,4721,0.18025,0,0
0.14645,4722,0.1805,0,0
0.14645,4723,0.18075,0,0
0.14645,4724,0.181,0,0
0.14645,4725,0.18125,0,0
0.14645,4726,0.1815,0,0
0.14645,4727,0.18175,0,0
0.14645,4728,0.182,0,0
0.14645,4729,0.18225,0,0
0.14645,4730,0.1825,0,0
0.14645,4731,0.18275,0,0
0.14645,4732,0.183,0,0
0.14645,4733,0.18325,0,0
0.14645,4734,0.1835,0,0
0.14645,4735,0.18375,0,0
0.14645,4736,0.184,0,0
0.14645,4737,0.18425,0,0
0.14645,4738,0.1845,0,0
0.14645,4739,0.18475,0,0
0.14645,4740,0.185,0,0
0.14645,4741,0.18525,0,0
0.14645,4742,0.1855,0,0
0.14645,4743,0.18575,0,0
0.14645,4744,0.186,0,0
0.14645,4745,0.18625,0,0
0.14645,4746,0.1865,0,0
0.14645,4747,0.18675,0,0
0.14645,4748,0.187,0,0
0.14645,4749,0.18725,0,0
0.14645,4750,0.1875,0,0
0.14645,4751,0.18775,0,0
0.14645,4752,0.188,0,0
0.14645,4753,0.18825,0,0
0.14645,4754,0.1885,0,0
0.14645,4755,0.18875,0,0
0.14645,4756,0.189,0,0
0.14645,4757,0.18925,0,0
0.14645,4758,0.1895,0,0
0.14645,4759,0.18975,0,0
0.14645,4760,0.19,0,0
0.14645,4761,0.19025,0,0
0.14645,4762,0.1905,0,0
0.14645,4763,0.19075,0,0
0.14645,4764,0.191,0,0
0.14645,4765,0.19125,0,0
0.14645,4766,0.1915,0,0
0.14645,4767,0.19175,0,0
0.14645,4768,0.192,0,0
0.14645,4769,0.19225,0,0
0.14645,4770,0.1925,0,0
0.14645,4771,0.19275,0,0
0.14645,4772,0.193,0,0
0.14645,4773,0.19325,0,0
0.14645,4774,0.1935,0,0
0.14645,4775,0.19375,0,0
0.14645,4776,0.194,0,0
0.14645,4777,0.19425,0,0
0.14645,4778,0.1945,0,0
0.14645,4779,0.19475,0,0
0.14645,4780,0.195,0,0
0.14645,4781,0.19525,0,0
0.14645,4782,0.1955,0,0
0.14645,4783,0.19575,0,0
0.14645,4784,0.196,0,0
0.14645,4785,0.19625,0,0
0.14645,4786,0.1965,0,0
0.14645,4787,0.19675,0,0
0.14645,4788,0.197,0,0
0.14645,4789,0.19725,0,0
0.14645,4790,0.1975,0,0
0.14645,4791,0.19775,0,0
0.14645,4792,0.198,0,0
0.14645,4793,0.19825,0,0
0.14645,4794,0.1985,0,0
0.14645,4795,0.19875,0,0
0.14645,4796,0.199,0,0
0.14645,4797,0.19925,0,0
0.14645,4798,0.1995,0,0
0.14645,4799,0.19975,0,0
0.14645,4800,0.2,0,0
0.14645,4801,0.20025,0,0
0.14645,4802,0.2005,0,0
0.14645,4803,0.20075,0,0
0.14645,4804,0.201,0,0
0.14645,4805,0.20125,0,0
0.14645,4806,0.2015,0,0
0.14645,4807,0.20175,0,0
0.14645,4808,0.202,0,0
0.14645,4809,0.20225,0,0
0.14645,4810,0.2025,0,0
0.14645,4811,0.20275,0,0
0.14645,4812,0.203,0,0
0.14645,4813,0.20325,0,0
0.14645,4814,0.2035,0,0
0.14645,4815,0.20375,0,0
0.14645,4816,0.204,0,0
0.14645,4817,0.20425,0,0
0.14645,4818,0.2045,0,0
0.14645,4819,0.20475,0,0
0.14645,4820,0.205,0,0
0.14645,4821,0.20525,0,0
0.14645,4822,0.2055,0,0
0.14645,4823,0.20575,0,0
0.14645,4824,0.206,0,0
0.14645,4825,0.20625,0,0
0.14645,4826,0.2065,0,0
0.14645,4827,0.20675,0,0
0.14645,4828,0.207,0,0
0.14645,4829,0.20725,0,0
0.14645,4830,0.2075,0,0
0.14645,4831,0.20775,0,0
0.14645,4832,0.208,0,0
0.14645,4833,0.20825,0,0
0.14645,4834,0.2085,0,0
0.14645,4835,0.20875,0,0
0.14645,4836,0.209,0,0
0.14645,4837,0.20925,0,0
0.14645,4838,0.2095,0,0
0.14645,4839,0.20975,0,0
0.14645,4840,0.21,0,0
0.14645,4841,0.21025,0,0
0.14645,4842,0.2105,0,0
0.14645,4843,0.21075,0,0
0.14645,4844,0.211,0,0
0.14645,4845,0.21125,0,0
0.14645,4846,0.2115,0,0
0.14645,4847,0.21175,0,0
0.14645,4848,0.212,0,0
0.14645,4849,0.21225,0,0
0.14645,4850,0.2125,0,0
0.14645,4851,0.21275,0,0
0.14645,4852,0.213,0,0
0.14645,4853,0.21325,0,0
0.14645,4854,0.2135,0,0
0.14645,4855,0.21375,0,0
0.14645,4856,0.214,0,0
0.14645,4857,0.21425,0,0
0.14645,4858,0.2145,0,0
0.14645,4859,0.21475,0,0
0.14645,4860,0.215,0,0
0.14645,4861,0.21525,0,0
0.14645,4862,0.2155,0,0
0.14645,4863,0.21575,0,0
0.14645,4864,0.216,0,0
0.14645,4865,0.21625,0,0
0.14645,4866,0.2165,0,0
0.14645,4867,0.21675,0,0
0.14645,4868,0.217,0,0
0.14645,4869,0.21725,0,0
0.14645,4870,0.2175,0,0
0.14645,4871,0.21775,0,0
0.14645,4872,0.218,0,0
0.14645,4873,0.21825,0,0
0.14645,4874,0.2185,0,0
0.14645,4875,0.21875,0,0
0.14645,4876,0.219,0,0
0.14645,4877,0.21925,0,0
0.14645,4878,0.2195,0,0
0.14645,4879,0.21975,0,0
0.14645,4880,0.22,0,0
0.14645,4881,0.22025,0,0
0.14645,4882,0.2205,0,0
0.14645,4883,0.22075,0,0
0.14645,4884,0.221,0,0
0.14645,4885,0.22125,0,0
0.14645,4886,0.2215,0,0
0.14645,4887,0.22175,0,0
0.14645,4888,0.222,0,0
0.14645,4889,0.22225,0,0
0.14645,4890,0.2225,0,0
0.14645,4891,0.22275,0,0
0.14645,4892,0.223,0,0
0.14645,4893,0.22325,0,0
0.14645,4894,0.2235,0,0
0.14645,4895,0.22375,0,0
0.14645,4896,0.224,0,0
0.14645,4897,0.22425,0,0
0.14645,4898,0.2245,0,0
0.14645,4899,0.22475,0,0
0.14645,4900,0.225,0,0
0.14645,4901,0.22525,0,0
0.14645,4902,0.2255,0,0
0.14645,4903,0.22575,0,0
0.14645,4904,0.226,0,0
0.14645,4905,0.22625,0,0
0.14645,4906,0.2265,0,0
0.14645,4907,0.22675,0,0
0.14645,4908,0.227,0,0
0.14645,4909,0.22725,0,0
0.14645,4910,0.2275,0,0
0.14645,4911,0.22775,0,0
0.14645,4912,0.228,0,0
0.14645,4913,0.22825,0,0
0.14645,4914,0.2285,0,0
0.14645,4915,0.22875,0,0
0.14645,4916,0.229,0,0
0.14645,4917,0.22925,0,0
0.14645,4918,0.2295,0,0
0.14645,4919,0.22975,0,0
0.14645,4920,0.23,0,0
0.14645,4921,0.23025,0,0
0.14645,4922,0.2305,0,0
0.14645,4923,0.23075,0,0
0.14645,4924,0.231,0,0
0.14645,4925,0.23125,0,0
0.14645,4926,0.2315,0,0
0.14645,4927,0.23175,0,0
0.14645,4928,0.232,0,0
0.14645,4929,0.23225,0,0
0.14645,4930,0.2325,0,0
0.14645,4931,0.23275,0,0
0.14645,4932,0.233,0,0
0.14645,4933,0.23325,0,0
0.14645,4934,0.2335,0,0
0.14645,4935,0.23375,0,0
0.14645,4936,0.234,0,0
0.14645,4937,0.23425,0,0
0.14645,4938,0.2345,0,0
0.14645,4939,0.23475,0,0
0.14645,4940,0.235,0,0
0.14645,4941,0.23525,0,0
0.14645,4942,0.2355,0,0
0.14645,4943,0.23575,0,0
0.14645,4944,0.236,0,0
0.14645,4945,0.23625,0,0
0.14645,4946,0.2365,0,0
0.14645,4947,0.23675,0,0
0.14645,4948,0.237,0,0
0.14645,4949,0.23725,0,0
0.14645,4950,0.2375,0,0
0.14645,4951,0.23775,0,0
0.14645,4952,0.238,0,0
0.14645,4953,0.23825,0,0
0.14645,4954,0.2385,0,0
0.14645,4955,0.23875,0,0
0.14645,4956,0.239,0,0
0.14645,4957,0.23925,0,0
0.14645,4958,0.2395,0,0
0.14645,4959,0.23975,0,0
0.14645,4960,0.24,0,0
0.14645,4961,0.24025,0,0
0.14645,4962,0.2405,0,0
0.14645,4963,0.24075,0,0
0.14645,4964,0.241,0,0
0.14645,4965,0.24125,0,0
0.14645,4966,0.2415,0,0
0.14645,4967,0.24175,0,0
0.14645,4968,0.242,0,0
0.14645,4969,0.24225,0,0
0.14645,4970,0.2425,0,0
0.14645,4971,0.24275,0,0
0.14645,4972,0.243,0,0
0.14645,4973,0.24325,0,0
0.14645,4974,0.2435,0,0
0.14645,4975,0.24375,0,0
0.14645,4976,0.244,0,0
0.14645,4977,0.24425,0,0
0.14645,4978,0.2445,0,0
0.14645,4979,0.24475,0,0
0.14645,4980,0.245,0,0
0.14645,4981,0.24525,0,0
0.14645,4982,0.2455,0,0
0.14645,4983,0.24575,0,0
0.14645,4984,0.246,0,0
0.14645,4985,0.24625,0,0
0.14645,4986,0.2465,0,0
0.14645,4987,0.24675,0,0
0.14645,4988,0.247,0,0
0.14645,4989,0.24725,0,0
0.14645,4990,0.2475,0,0
0.14645,4991,0.24775,0,0
0.14645,4992,0.248,0,0
0.14645,4993,0.24825,0,0
0.14645,4994,0.2485,0,0
0.14645,4995,0.24875,0,0
0.14645,4996,0.249,0,0
0.14645,4997,0.24925,0,0
0.14645,4998,0.2495,0,0
0.14645,4999,0.24975,0,0
0.14645,5000,0.25,0,0
0.14645,5001,0.25025,0,0
0.14645,5002,0.2505,0,0
0.14645,5003,0.25075,0,0
0.14645,5004,0.251,0,0
0.14645,5005,0.25125,0,0
0.14645,5006,0.2515,0,0
0.14645,5007,0.25175,0,0
0.14645,5008,0.252,0,0
0.14645,5009,0.25225,0,0
0.14645,5010,0.2525,0,0
0.14645,5011,0.25275,0,0
0.14645,5012,0.253,0,0
0.14645,5013,0.25325,0,0
0.14645,5014,0.2535,0,0
0.14645,5015,0.25375,0,0
0.14645,5016,0.254,0,0
0.14645,5017,0.25425,0,0
0.14645,5018,0.2545,0,0
0.14645,5019,0.25475,0,0
0.14645,5020,0.255,0,0
0.14645,5021,0.25525,0,0
0.14645,5022,0.2555,0,0
0.14645,5023,0.25575,0,0
0.14645,5024,0.256,0,0
0.14645,5025,0.25625,0,0
0.14645,5026,0.2565,0,0
0.14645,5027,0.25675,0,0
0.14645,5028,0.257,0,0
0.14645,5029,0.25725,0,0
0.14645,5030,0.2575,0,0
0.14645,5031,0.25775,0,0
0.14645,5032,0.258,0,0
0.14645,5033,0.25825,0,0
0.14645,5034,0.2585,0,0
0.14645,5035,0.25875,0,0
0.14645,5036,0.259,0,0
0.14645,5037,0.25925,0,0
0.14645,5038,0.2595,0,0
0.14645,5039,0.25975,0,0
0.14645,5040,0.26,0,0
0.14645,5041,0.26025,0,0
0.14645,5042,0.2605,0,0
0.14645,5043,0.26075,0,0
0.14645,5044,0.261,0,0
0.14645,5045,0.26125,0,0
0.14645,5046,0.2615,0,0
0.14645,5047,0.26175,0,0
0.14645,5048,0.262,0,0
0.14645,5049,0.26225,0,0
0.14645,5050,0.2625,0,0
0.14645,5051,0.26275,0,0
0.14645,5052,0.263,0,0
0.14645,5053,0.26325,0,0
0.14645,5054,0.2635,0,0
0.14645,5055,0.26375,0,0
0.14645,5056,0.264,0,0
0.14645,5057,0.26425,0,0
0.14645,5058,0.2645,0,0
0.14645,5059,0.26475,0,0
0.14645,5060,0.265,0,0
0.14645,5061,0.26525,0,0
0.14645,5062,0.2655,0,0
0.14645,5063,0.26575,0,0
0.14645,5064,0.266,0,0
0.14645,5065,0.26625,0,0
0.14645,5066,0.2665,0,0
0.14645,5067,0.26675,0,0
0.14645,5068,0.267,0,0
0.14645,5069,0.26725,0,0
0.14645,5070,0.2675,0,0
0.14645,5071,0.26775,0,0
0.14645,5072,0.268,0,0
0.14645,5073,0.26825,0,0
0.14645,5074,0.2685,0,0
0.14645,5075,0.26875,0,0
0.14645,5076,0.269,0,0
0.14645,5077,0.26925,0,0
0.14645,5078,0.2695,0,0
0.14645,5079,0.26975,0,0
0.14645,5080,0.27,0,0
0.14645,5081,0.27025,0,0
0.14645,5082,0.2705,0,0
0.14645,5083,0.27075,0,0
0.14645,5084,0.271,0,0
0.14645,5085,0.27125,0,0
0.14645,5086,0.2715,0,0
0.14645,5087,0.27175,0,0
0.14645,5088,0.272,0,0
0.14645,5089,0.27225,0,0
0.14645,5090,0.2725,0,0
0.14645,5091,0.27275,0,0
0.14645,5092,0.273,0,0
0.14645,5093,0.27325,0,0
0.14645,5094,0.2735,0,0
0.14645,5095,0.27375,0,0
0.14645,5096,0.274,0,0
0.14645,5097,0.27425,0,0
0.14645,5098,0.2745,0,0
0.14645,5099,0.27475,0,0
0.14645,5100,0.275,0,0
0.14645,5101,0.27525,0,0
0.14645,5102,0.2755,0,0
0.14645,5103,0.27575,0,0
0.14645,5104,0.276,0,0
0.14645,5105,0.27625,0,0
0.14645,5106,0.2765,0,0
0.14645,5107,0.27675,0,0
0.14645,5108,0.277,0,0
0.14645,5109,0.27725,0,0
0.14645,5110,0.2775,0,0
0.14645,5111,0.27775,0,0
0.14645,5112,0.278,0,0
0.14645,5113,0.27825,0,0
0.14645,5114,0.2785,0,0
0.14645,5115,0.27875,0,0
0.14645,5116,0.279,0,0
0.14645,5117,0.27925,0,0
0.14645,5118,0.2795,0,0
0.14645,5119,0.27975,0,0
0.14645,5120,0.28,0,0
0.14645,5121,0.28025,0,0
0.14645,5122,0.2805,0,0
0.14645,5123,0.28075,0,0
0.14645,5124,0.281,0,0
0.14645,5125,0.28125,0,0
0.14645,5126,0.2815,0,0
0.14645,5127,0.28175,0,0
0.14645,5128,0.282,0,0
0.14645,5129,0.28225,0,0
0.14645,5130,0.2825,0,0
0.14645,5131,0.28275,0,0
0.14645,5132,0.283,0,0
0.14645,5133,0.28325,0,0
0.14645,5134,0.2835,0,0
0.14645,5135,0.28375,0,0
0.14645,5136,0.284,0,0
0.14645,5137,0.28425,0,0
0.14645,5138,0.2845,0,0
0.14645,5139,0.28475,0,0
0.14645,5140,0.285,0,0
0.14645,5141,0.28525,0,0
0.14645,5142,0.2855,0,0
0.14645,5143,0.28575,0,0
0.14645,5144,0.286,0,0
0.14645,5145,0.28625,0,0
0.14645,5146,0.2865,0,0
0.14645,5147,0.28675,0,0
0.14645,5148,0.287,0,0
0.14645,5149,0.28725,0,0
0.14645,5150,0.2875,0,0
0.14645,5151,0.28775,0,0
0.14645,5152,0.288,0,0
0.14645,5153,0.28825,0,0
0.14645,5154,0.2885,0,0
0.14645,5155,0.28875,0,0
0.14645,5156,0.289,0,0
0.14645,5157,0.28925,0,0
0.14645,5158,0.2895,0,0
0.14645,5159,0.28975,0,0
0.14645,5160,0.29,0,0
0.14645,5161,0.29025,0,0
0.14645,5162,0.2905,0,0
0.14645,5163,0.29075,0,0
0.14645,5164,0.291,0,0
0.14645,5165,0.29125,0,0
0.14645,5166,0.2915,0,0
0.14645,5167,0.29175,0,0
0.14645,5168,0.292,0,0
0.14645,5169,0.29225,0,0
0.14645,5170,0.2925,0,0
0.14645,5171,0.29275,0,0
0.14645,5172,0.293,0,0
0.14645,5173,0.29325,0,0
0.14645,5174,0.2935,0,0
0.14645,5175,0.29375,0,0
0.14645,5176,0.294,0,0
0.14645,5177,0.29425,0,0
0.14645,5178,0.2945,0,0
0.14645,5179,0.29475,0,0
0.14645,5180,0.295,0,0
0.14645,5181,0.29525,0,0
0.14645,5182,0.2955,0,0
0.14645,5183,0.29575,0,0
0.14645,5184,0.296,0,0
0.14645,5185,0.29625,0,0
0.14645,5186,0.2965,0,0
0.14645,5187,0.29675,0,0
0.14645,5188,0.297,0,0
0.14645,5189,0.29725,0,0
0.14645,5190,0.2975,0,0
0.14645,5191,0.29775,0,0
0.14645,5192,0.298,0,0
0.14645,5193,0.29825,0,0
0.14645,5194,0.2985,0,0
0.14645,5195,0.29875,0,0
0.14645,5196,0.299,0,0
0.14645,5197,0.29925,0,0
0.14645,5198,0.2995,0,0
0.14645,5199,0.29975,0,0
0.14645,5200,0.3,0,0
0.14645,5201,0.30025,0,0
0.14645,5202,0.3005,0,0
0.14645,5203,0.30075,0,0
0.14645,5204,0.301,0,0
0.14645,5205,0.30125,0,0
0.14645,5206,0.3015,0,0
0.14645,5207,0.30175,0,0
0.14645,5208,0.302,0,0
0.14645,5209,0.30225,0,0
0.14645,5210,0.3025,0,0
0.14645,5211,0.30275,0,0
0.14645,5212,0.303,0,0
0.14645,5213,0.30325,0,0
0.14645,5214,0.3035,0,0
0.14645,5215,0.30375,0,0
0.14645,5216,0.304,0,0
0.14645,5217,0.30425,0,0
0.14645,5218,0.3045,0,0
0.14645,5219,0.30475,0,0
0.14645,5220,0.305,0,0
0.14645,5221,0.30525,0,0
0.14645,5222,0.3055,0,0
0.14645,5223,0.30575,0,0
0.14645,5224,0.306,0,0
0.14645,5225,0.30625,0,0
0.14645,5226,0.3065,0,0
0.14645,5227,0.30675,0,0
0.14645,5228,0.307,0,0
0.14645,5229,0.30725,0,0
0.14645,5230,0.3075,0,0
0.14645,5231,0.30775,0,0
0.14645,5232,0.308,0,0
0.14645,5233,0.30825,0,0
0.14645,5234,0.3085,0,0
0.14645,5235,0.30875,0,0
0.14645,5236,0.309,0,0
0.14645,5237,0.30925,0,0
0.14645,5238,0.3095,0,0
0.14645,5239,0.30975,0,0
0.14645,5240,0.31,0,0
0.14645,5241,0.31025,0,0
0.14645,5242,0.3105,0,0
0.14645,5243,0.31075,0,0
0.14645,5244,0.311,0,0
0.14645,5245,0.31125,0,0
0.14645,5246,0.3115,0,0
0.14645,5247,0.31175,0,0
0.14645,5248,0.312,0,0
0.14645,5249,0.31225,0,0
0.14645,5250,0.3125,0,0
0.14645,5251,0.31275,0,0
0.14645,5252,0.313,0,0
0.14645,5253,0.31325,0,0
0.14645,5254,0.3135,0,0
0.14645,5255,0.31375,0,0
0.14645,5256,0.314,0,0
0.14645,5257,0.31425,0,0
0.14645,5258,0.3145,0,0
0.14645,5259,0.31475,0,0
0.14645,5260,0.315,0,0
0.14645,5261,0.31525,0,0
0.14645,5262,0.3155,0,0
0.14645,5263,0.31575,0,0
0.14645,5264,0.316,0,0
0.14645,5265,0.31625,0,0
0.14645,5266,0.3165,0,0
0.14645,5267,0.31675,0,0
0.14645,5268,0.317,0,0
0.14645,5269,0.31725,0,0
0.14645,5270,0.3175,0,0
0.14645,5271,0.31775,0,0
0.14645,5272,0.318,0,0
0.14645,5273,0.31825,0,0
0.14645,5274,0.3185,0,0
0.14645,5275,0.31875,0,0
0.14645,5276,0.319,0,0
0.14645,5277,0.31925,0,0
0.14645,5278,0.3195,0,0
0.14645,5279,0.31975,0,0
0.14645,5280,0.32,0,0
0.14645,5281,0.32025,0,0
0.14645,5282,0.3205,0,0
0.14645,5283,0.32075,0,0
0.14645,5284,0.321,0,0
0.14645,5285,0.32125,0,0
0.14645,5286,0.3215,0,0
0.14645,5287,0.32175,0,0
0.14645,5288,0.322,0,0
0.14645,5289,0.32225,0,0
0.14645,5290,0.3225,0,0
0.14645,5291,0.32275,0,0
0.14645,5292,0.323,0,0
0.14645,5293,0.32325,0,0
0.14645,5294,0.3235,0,0
0.14645,5295,0.32375,0,0
0.14645,5296,0.324,0,0
0.14645,5297,0.32425,0,0
0.14645,5298,0.3245,0,0
0.14645,5299,0.32475,0,0
0.14645,5300,0.325,0,0
0.14645,5301,0.32525,0,0
0.14645,5302,0.3255,0,0
0.14645,5303,0.32575,0,0
0.14645,5304,0.326,0,0
0.14645,5305,0.32625,0,0
0.14645,5306,0.3265,0,0
0.14645,5307,0.32675,0,0
0.14645,5308,0.327,0,0
0.14645,5309,0.32725,0,0
0.14645,5310,0.3275,0,0
0.14645,5311,0.32775,0,0
0.14645,5312,0.328,0,0
0.14645,5313,0.32825,0,0
0.14645,5314,0.3285,0,0
0.14645,5315,0.32875,0,0
0.14645,5316,0.329,0,0
0.14645,5317,0.32925,0,0
0.14645,5318,0.3295,0,0
0.14645,5319,0.32975,0,0
0.14645,5320,0.33,0,0
0.14645,5321,0.33025,0,0
0.14645,5322,0.3305,0,0
0.14645,5323,0.33075,0,0
0.14645,5324,0.331,0,0
0.14645,5325,0.33125,0,0
0.14645,5326,0.3315,0,0
0.14645,5327,0.33175,0,0
0.14645,5328,0.332,0,0
0.14645,5329,0.33225,0,0
0.14645,5330,0.3325,0,0
0.14645,5331,0.33275,0,0
0.14645,5332,0.333,0,0
0.14645,5333,0.33325,0,0
0.14645,5334,0.3335,0,0
0.14645,5335,0.33375,0,0
0.14645,5336,0.334,0,0
0.14645,5337,0.33425,0,0
0.14645,5338,0.3345,0,0
0.14645,5339,0.33475,0,0
0.14645,5340,0.335,0,0
0.14645,5341,0.33525,0,0
0.14645,5342,0.3355,0,0
0.14645,5343,0.33575,0,0
0.14645,5344,0.336,0,0
0.14645,5345,0.33625,0,0
0.14645,5346,0.3365,0,0
0.14645,5347,0.33675,0,0
0.14645,5348,0.337,0,0
0.14645,5349,0.33725,0,0
0.14645,5350,0.3375,0,0
0.14645,5351,0.33775,0,0
0.14645,5352,0.338,0,0
0.14645,5353,0.33825,0,0
0.14645,5354,0.3385,0,0
0.14645,5355,0.33875,0,0
0.14645,5356,0.339,0,0
0.14645,5357,0.33925,0,0
0.14645,5358,0.3395,0,0
0.14645,5359,0.33975,0,0
0.14645,5360,0.34,0,0
0.14645,5361,0.34025,0,0
0.14645,5362,0.3405,0,0
0.14645,5363,0.34075,0,0
0.14645,5364,0.341,0,0
0.14645,5365,0.34125,0,0
0.14645,5366,0.3415,0,0
0.14645,5367,0.34175,0,0
0.14645,5368,0.342,0,0
0.14645,5369,0.34225,0,0
0.14645,5370,0.3425,0,0
0.14645,5371,0.34275,0,0
0.14645,5372,0.343,0,0
0.14645,5373,0.34325,0,0
0.14645,5374,0.3435,0,0
0.14645,5375,0.34375,0,0
0.14645,5376,0.344,0,0
0.14645,5377,0.34425,0,0
0.14645,5378,0.3445,0,0
0.14645,5379,0.34475,0,0
0.14645,5380,0.345,0,0
0.14645,5381,0.34525,0,0
0.14645,5382,0.3455,0,0
0.14645,5383,0.34575,0,0
0.14645,5384,0.346,0,0
0.14645,5385,0.34625,0,0
0.14645,5386,0.3465,0,0
0.14645,5387,0.34675,0,0
0.14645,5388,0.347,0,0
0.14645,5389,0.34725,0,0
0.14645,5390,0.3475,0,0
0.14645,5391,0.34775,0,0
0.14645,5392,0.348,0,0
0.14645,5393,0.34825,0,0
0.14645,5394,0.3485,0,0
0.14645,5395,0.34875,0,0
0.14645,5396,0.349,0,0
0.14645,5397,0.34925,0,0
0.14645,5398,0.3495,0,0
0.14645,5399,0.34975,0,0
0.14645,5400,0.35,0,0
0.14645,5401,0.35025,0,0
0.14645,5402,0.3505,0,0
0.14645,5403,0.35075,0,0
0.14645,5404,0.351,0,0
0.14645,5405,0.35125,0,0
0.14645,5406,0.3515,0,0
0.14645,5407,0.35175,0,0
0.14645,5408,0.352,0,0
0.14645,5409,0.35225,0,0
0.14645,5410,0.3525,0,0
0.14645,5411,0.35275,0,0
0.14645,5412,0.353,0,0
0.14645,5413,0.35325,0,0
0.14645,5414,0.3535,0,0
0.14645,5415,0.35375,0,0
0.14645,5416,0.354,0,0
0.14645,5417,0.35425,0,0
0.14645,5418,0.3545,0,0
0.14645,5419,0.35475,0,0
0.14645,5420,0.355,0,0
0.14645,5421,0.35525,0,0
0.14645,5422,0.3555,0,0
0.14645,5423,0.35575,0,0
0.14645,5424,0.356,0,0
0.14645,5425,0.35625,0,0
0.14645,5426,0.3565,0,0
0.14645,5427,0.35675,0,0
0.14645,5428,0.357,0,0
0.14645,5429,0.35725,0,0
0.14645,5430,0.3575,0,0
0.14645,5431,0.35775,0,0
0.14645,5432,0.358,0,0
0.14645,5433,0.35825,0,0
0.14645,5434,0.3585,0,0
0.14645,5435,0.35875,0,0
0.14645,5436,0.359,0,0
0.14645,5437,0.35925,0,0
0.14645,5438,0.3595,0,0
0.14645,5439,0.35975,0,0
0.14645,5440,0.36,0,0
0.14645,5441,0.36025,0,0
0.14645,5442,0.3605,0,0
0.14645,5443,0.36075,0,0
0.14645,5444,0.361,0,0
0.14645,5445,0.36125,0,0
0.14645,5446,0.3615,0,0
0.14645,5447,0.36175,0,0
0.14645,5448,0.362,0,0
0.14645,5449,0.36225,0,0
0.14645,5450,0.3625,0,0
0.14645,5451,0.36275,0,0
0.14645,5452,0.363,0,0
0.14645,5453,0.36325,0,0
0.14645,5454,0.3635,0,0
0.14645,5455,0.36375,0,0
0.14645,5456,0.364,0,0
0.14645,5457,0.36425,0,0
0.14645,5458,0.3645,0,0
0.14645,5459,0.36475,0,0
0.14645,5460,0.365,0,0
0.14645,5461,0.36525,0,0
0.14645,5462,0.3655,0,0
0.14645,5463,0.36575,0,0
0.14645,5464,0.366,0,0
0.14645,5465,0.36625,0,0
0.14645,5466,0.3665,0,0
0.14645,5467,0.36675,0,0
0.14645,5468,0.367,0,0
0.14645,5469,0.36725,0,0
0.14645,5470,0.3675,0,0
0.14645,5471,0.36775,0,0
0.14645,5472,0.368,0,0
0.14645,5473,0.36825,0,0
0.14645,5474,0.3685,0,0
0.14645,5475,0.36875,0,0
0.14645,5476,0.369,0,0
0.14645,5477,0.36925,0,0
0.14645,5478,0.3695,0,0
0.14645,5479,0.36975,0,0
0.14645,5480,0.37,0,0
0.14645,5481,0.37025,0,0
0.14645,5482,0.3705,0,0
0.14645,5483,0.37075,0,0
0.14645,5484,0.371,0,0
0.14645,5485,0.37125,0,0
0.14645,5486,0.3715,0,0
0.14645,5487,0.37175,0,0
0.14645,5488,0.372,0,0
0.14645,5489,0.37225,0,0
0.14645,5490,0.3725,0,0
0.14645,5491,0.37275,0,0
0.14645,5492,0.373,0,0
0.14645,5493,0.37325,0,0
0.14645,5494,0.3735,0,0
0.14645,5495,0.37375,0,0
0.14645,5496,0.374,0,0
0.14645,5497,0.37425,0,0
0.14645,5498,0.3745,0,0
0.14645,5499,0.37475,0,0
0.14645,5500,0.375,0,0
0.14645,5501,0.37525,0,0
0.14645,5502,0.3755,0,0
0.14645,5503,0.37575,0,0
0.14645,5504,0.376,0,0
0.14645,5505,0.37625,0,0
0.14645,5506,0.3765,0,0
0.14645,5507,0.37675,0,0
0.14645,5508,0.377,0,0
0.14645,5509,0.37725,0,0
0.14645,5510,0.3775,0,0
0.14645,5511,0.37775,0,0
0.14645,5512,0.378,0,0
0.14645,5513,0.37825,0,0
0.14645,5514,0.3785,0,0
0.14645,5515,0.37875,0,0
0.14645,5516,0.379,0,0
0.14645,5517,0.37925,0,0
0.14645,5518,0.3795,0,0
0.14645,5519,0.37975,0,0
0.14645,5520,0.38,0,0
0.14645,5521,0.38025,0,0
0.14645,5522,0.3805,0,0
0.14645,5523,0.38075,0,0
0.14645,5524,0.381,0,0
0.14645,5525,0.38125,0,0
0.14645,5526,0.3815,0,0
0.14645,5527,0.38175,0,0
0.14645,5528,0.382,0,0
0.14645,5529,0.38225,0,0
0.14645,5530,0.3825,0,0
0.14645,5531,0.38275,0,0
0.14645,5532,0.383,0,0
0.14645,5533,0.38325,0,0
0.14645,5534,0.3835,0,0
0.14645,5535,0.38375,0,0
0.14645,5536,0.384,0,0
0.14645,5537,0.38425,0,0
0.14645,5538,0.3845,0,0
0.14645,5539,0.38475,0,0
0.14645,5540,0.385,0,0
0.14645,5541,0.38525,0,0
0.14645,5542,0.3855,0,0
0.14645,5543,0.38575,0,0
0.14645,5544,0.386,0,0
0.14645,5545,0.38625,0,0
0.14645,5546,0.3865,0,0
0.14645,5547,0.38675,0,0
0.14645,5548,0.387,0,0
0.14645,5549,0.38725,0,0
0.14645,5550,0.3875,0,0
0.14645,5551,0.38775,0,0
0.14645,5552,0.388,0,0
0.14645,5553,0.38825,0,0
0.14645,5554,0.3885,0,0
0.14645,5555,0.38875,0,0
0.14645,5556,0.389,0,0
0.14645,5557,0.38925,0,0
0.14645,5558,0.3895,0,0
0.14645,5559,0.38975,0,0
0.14645,5560,0.39,0,0
0.14645,5561,0.39025,0,0
0.14645,5562,0.3905,0,0
0.14645,5563,0.39075,0,0
0.14645,5564,0.391,0,0
0.14645,5565,0.39125,0,0
0.14645,5566,0.3915,0,0
0.14645,5567,0.39175,0,0
0.14645,5568,0.392,0,0
0.14645,5569,0.39225,0,0
0.14645,5570,0.3925,0,0
0.14645,5571,0.39275,0,0
0.14645,5572,0.393,0,0
0.14645,5573,0.39325,0,0
0.14645,5574,0.3935,0,0
0.14645,5575,0.39375,0,0
0.14645,5576,0.394,0,0
0.14645,5577,0.39425,0,0
0.14645,5578,0.3945,0,0
0.14645,5579,0.39475,0,0
0.14645,5580,0.395,0,0
0.14645,5581,0.39525,0,0
0.14645,5582,0.3955,0,0
0.14645,5583,0.39575,0,0
0.14645,5584,0.396,0,0
0.14645,5585,0.39625,0,0
0.14645,5586,0.3965,0,0
0.14645,5587,0.39675,0,0
0.14645,5588,0.397,0,0
0.14645,5589,0.39725,0,0
0.14645,5590,0.3975,0,0
0.14645,5591,0.39775,0,0
0.14645,5592,0.398,0,0
0.14645,5593,0.39825,0,0
0.14645,5594,0.3985,0,0
0.14645,5595,0.39875,0,0
0.14645,5596,0.399,0,0
0.14645,5597,0.39925,0,0
0.14645,5598,0.3995,0,0
0.14645,5599,0.39975,0,0
0.14645,5600,0.4,0,0
0.14645,5601,0.40025,0,0
0.14645,5602,0.4005,0,0
0.14645,5603,0.40075,0,0
0.14645,5604,0.401,0,0
0.14645,5605,0.40125,0,0
0.14645,5606,0.4015,0,0
0.14645,5607,0.40175,0,0
0.14645,5608,0.402,0,0
0.14645,5609,0.40225,0,0
0.14645,5610,0.4025,0,0
0.14645,5611,0.40275,0,0
0.14645,5612,0.403,0,0
0.14645,5613,0.40325,0,0
0.14645,5614,0.4035,0,0
0.14645,5615,0.40375,0,0
0.14645,5616,0.404,0,0
0.14645,5617,0.40425,0,0
0.14645,5618,0.4045,0,0
0.14645,5619,0.40475,0,0
0.14645,5620,0.405,0,0
0.14645,5621,0.40525,0,0
0.14645,5622,0.4055,0,0
0.14645,5623,0.40575,0,0
0.14645,5624,0.406,0,0
0.14645,5625,0.40625,0,0
0.14645,5626,0.4065,0,0
0.14645,5627,0.40675,0,0
0.14645,5628,0.407,0,0
0.14645,5629,0.40725,0,0
0.14645,5630,0.4075,0,0
0.14645,5631,0.40775,0,0
0.14645,5632,0.408,0,0
0.14645,5633,0.40825,0,0
0.14645,5634,0.4085,0,0
0.14645,5635,0.40875,0,0
0.14645,5636,0.409,0,0
0.14645,5637,0.40925,0,0
0.14645,5638,0.4095,0,0
0.14645,5639,0.40975,0,0
0.14645,5640,0.41,0,0
0.14645,5641,0.41025,0,0
0.14645,5642,0.4105,0,0
0.14645,5643,0.41075,0,0
0.14645,5644,0.411,0,0
0.14645,5645,0.41125,0,0
0.14645,5646,0.4115,0,0
0.14645,5647,0.41175,0,0
0.14645,5648,0.412,0,0
0.14645,5649,0.41225,0,0
0.14645,5650,0.4125,0,0
0.14645,5651,0.41275,0,0
0.14645,5652,0.413,0,0
0.14645,5653,0.41325,0,0
0.14645,5654,0.4135,0,0
0.14645,5655,0.41375,0,0
0.14645,5656,0.414,0,0
0.14645,5657,0.41425,0,0
0.14645,5658,0.4145,0,0
0.14645,5659,0.41475,0,0
0.14645,5660,0.415,0,0
0.14645,5661,0.41525,0,0
0.14645,5662,0.4155,0,0
0.14645,5663,0.41575,0,0
0.14645,5664,0.416,0,0
0.14645,5665,0.41625,0,0
0.14645,5666,0.4165,0,0
0.14645,5667,0.41675,0,0
0.14645,5668,0.417,0,0
0.14645,5669,0.41725,0,0
0.14645,5670,0.4175,0,0
0.14645,5671,0.41775,0,0
0.14645,5672,0.418,0,0
0.14645,5673,0.41825,0,0
0.14645,5674,0.4185,0,0
0.14645,5675,0.41875,0,0
0.14645,5676,0.419,0,0
0.14645,5677,0.41925,0,0
0.14645,5678,0.4195,0,0
0.14645,5679,0.41975,0,0
0.14645,5680,0.42,0,0
0.14645,5681,0.42025,0,0
0.14645,5682,0.4205,0,0
0.14645,5683,0.42075,0,0
0.14645,5684,0.421,0,0
0.14645,5685,0.42125,0,0
0.14645,5686,0.4215,0,0
0.14645,5687,0.42175,0,0
0.14645,5688,0.422,0,0
0.14645,5689,0.42225,0,0
0.14645,5690,0.4225,0,0
0.14645,5691,0.42275,0,0
0.14645,5692,0.423,0,0
0.14645,5693,0.42325,0,0
0.14645,5694,0.4235,0,0
0.14645,5695,0.42375,0,0
0.14645,5696,0.424,0,0
0.14645,5697,0.42425,0,0
0.14645,5698,0.4245,0,0
0.14645,5699,0.42475,0,0
0.14645,5700,0.425,0,0
0.14645,5701,0.42525,0,0
0.14645,5702,0.4255,0,0
0.14645,5703,0.42575,0,0
0.14645,5704,0.426,0,0
0.14645,5705,0.42625,0,0
0.14645,5706,0.4265,0,0
0.14645,5707,0.42675,0,0
0.14645,5708,0.427,0,0
0.14645,5709,0.42725,0,0
0.14645,5710,0.4275,0,0
0.14645,5711,0.42775,0,0
0.14645,5712,0.428,0,0
0.14645,5713,0.42825,0,0
0.14645,5714,0.4285,0,0
0.14645,5715,0.42875,0,0
0.14645,5716,0.429,0,0
0.14645,5717,0.42925,0,0
0.14645,5718,0.4295,0,0
0.14645,5719,0.42975,0,0
0.14645,5720,0.43,0,0
0.14645,5721,0.43025,0,0
0.14645,5722,0.4305,0,0
0.14645,5723,0.43075,0,0
0.14645,5724,0.431,0,0
0.14645,5725,0.43125,0,0
0.14645,5726,0.4315,0,0
0.14645,5727,0.43175,0,0
0.14645,5728,0.432,0,0
0.14645,5729,0.43225,0,0
0.14645,5730,0.4325,0,0
0.14645,5731,0.43275,0,0
0.14645,5732,0.433,0,0
0.14645,5733,0.43325,0,0
0.14645,5734,0.4335,0,0
0.14645,5735,0.43375,0,0
0.14645,5736,0.434,0,0
0.14645,5737,0.43425,0,0
0.14645,5738,0.4345,0,0
0.14645,5739,0.43475,0,0
0.14645,5740,0.435,0,0
0.14645,5741,0.43525,0,0
0.14645,5742,0.4355,0,0
0.14645,5743,0.43575,0,0
0.14645,5744,0.436,0,0
0.14645,5745,0.43625,0,0
0.14645,5746,0.4365,0,0
0.14645,5747,0.43675,0,0
0.14645,5748,0.437,0,0
0.14645,5749,0.43725,0,0
0.14645,5750,0.4375,0,0
0.14645,5751,0.43775,0,0
0.14645,5752,0.438,0,0
0.14645,5753,0.43825,0,0
0.14645,5754,0.4385,0,0
0.14645,5755,0.43875,0,0
0.14645,5756,0.439,0,0
0.14645,5757,0.43925,0,0
0.14645,5758,0.4395,0,0
0.14645,5759,0.43975,0,0
0.14645,5760,0.44,0,0
0.14645,5761,0.44025,0,0
0.14645,5762,0.4405,0,0
0.14645,5763,0.44075,0,0
0.14645,5764,0.441,0,0
0.14645,5765,0.44125,0,0
0.14645,5766,0.4415,0,0
0.14645,5767,0.44175,0,0
0.14645,5768,0.442,0,0
0.14645,5769,0.44225,0,0
0.14645,5770,0.4425,0,0
0.14645,5771,0.44275,0,0
0.14645,5772,0.443,0,0
0.14645,5773,0.44325,0,0
0.14645,5774,0.4435,0,0
0.14645,5775,0.44375,0,0
0.14645,5776,0.444,0,0
0.14645,5777,0.44425,0,0
0.14645,5778,0.4445,0,0
0.14645,5779,0.44475,0,0
0.14645,5780,0.445,0,0
0.14645,5781,0.44525,0,0
0.14645,5782,0.4455,0,0
0.14645,5783,0.44575,0,0
0.14645,5784,0.446,0,0
0.14645,5785,0.44625,0,0
0.14645,5786,0.4465,0,0
0.14645,5787,0.44675,0,0
0.14645,5788,0.447,0,0
0.14645,5789,0.44725,0,0
0.14645,5790,0.4475,0,0
0.14645,5791,0.44775,0,0
0.14645,5792,0.448,0,0
0.14645,5793,0.44825,0,0
0.14645,5794,0.4485,0,0
0.14645,5795,0.44875,0,0
0.14645,5796,0.449,0,0
0.14645,5797,0.44925,0,0
0.14645,5798,0.4495,0,0
0.14645,5799,0.44975,0,0
0.14645,5800,0.45,0,0
0.14645,5801,0.45025,0,0
0.14645,5802,0.4505,0,0
0.14645,5803,0.45075,0,0
0.14645,5804,0.451,0,0
0.14645,5805,0.45125,0,0
0.14645,5806,0.4515,0,0
0.14645,5807,0.45175,0,0
0.14645,5808,0.452,0,0
0.14645,5809,0.45225,0,0
0.14645,5810,0.4525,0,0
0.14645,5811,0.45275,0,0
0.14645,5812,0.453,0,0
0.14645,5813,0.45325,0,0
0.14645,5814,0.4535,0,0
0.14645,5815,0.45375,0,0
0.14645,5816,0.454,0,0
0.14645,5817,0.45425,0,0
0.14645,5818,0.4545,0,0
0.14645,5819,0.45475,0,0
0.14645,5820,0.455,0,0
0.14645,5821,0.45525,0,0
0.14645,5822,0.4555,0,0
0.14645,5823,0.45575,0,0
0.14645,5824,0.456,0,0
0.14645,5825,0.45625,0,0
0.14645,5826,0.4565,0,0
0.14645,5827,0.45675,0,0
0.14645,5828,0.457,0,0
0.14645,5829,0.45725,0,0
0.14645,5830,0.4575,0,0
0.14645,5831,0.45775,0,0
0.14645,5832,0.458,0,0
0.14645,5833,0.45825,0,0
0.14645,5834,0.4585,0,0
0.14645,5835,0.45875,0,0
0.14645,5836,0.459,0,0
0.14645,5837,0.45925,0,0
0.14645,5838,0.4595,0,0
0.14645,5839,0.45975,0,0
0.14645,5840,0.46,0,0
0.14645,5841,0.46025,0,0
0.14645,5842,0.4605,0,0
0.14645,5843,0.46075,0,0
0.14645,5844,0.461,0,0
0.14645,5845,0.46125,0,0
0.14645,5846,0.4615,0,0
0.14645,5847,0.46175,0,0
0.14645,5848,0.462,0,0
0.14645,5849,0.46225,0,0
0.14645,5850,0.4625,0,0
0.14645,5851,0.46275,0,0
0.14645,5852,0.463,0,0
0.14645,5853,0.46325,0,0
0.14645,5854,0.4635,0,0
0.14645,5855,0.46375,0,0
0.14645,5856,0.464,0,0
0.14645,5857,0.46425,0,0
0.14645,5858,0.4645,0,0
0.14645,5859,0.46475,0,0
0.14645,5860,0.465,0,0
0.14645,5861,0.46525,0,0
0.14645,5862,0.4655,0,0
0.14645,5863,0.46575,0,0
0.14645,5864,0.466,0,0
0.14645,5865,0.46625,0,0
0.14645,5866,0.4665,0,0
0.14645,5867,0.46675,0,0
0.14645,5868,0.467,0,0
0.14645,5869,0.46725,0,0
0.14645,5870,0.4675,0,0
0.14645,5871,0.46775,0,0
0.14645,5872,0.468,0,0
0.14645,5873,0.46825,0,0
0.14645,5874,0.4685,0,0
0.14645,5875,0.46875,0,0
0.14645,5876,0.469,0,0
0.14645,5877,0.46925,0,0
0.14645,5878,0.4695,0,0
0.14645,5879,0.46975,0,0
0.14645,5880,0.47,0,0
0.14645,5881,0.47025,0,0
0.14645,5882,0.4705,0,0
0.14645,5883,0.47075,0,0
0.14645,5884,0.471,0,0
0.14645,5885,0.47125,0,0
0.14645,5886,0.4715,0,0
0.14645,5887,0.47175,0,0
0.14645,5888,0.472,0,0
0.14645,5889,0.47225,0,0
0.14645,5890,0.4725,0,0
0.14645,5891,0.47275,0,0
0.14645,5892,0.473,0,0
0.14645,5893,0.47325,0,0
0.14645,5894,0.4735,0,0
0.14645,5895,0.47375,0,0
0.14645,5896,0.474,0,0
0.14645,5897,0.47425,0,0
0.14645,5898,0.4745,0,0
0.14645,5899,0.47475,0,0
0.14645,5900,0.475,0,0
0.14645,5901,0.47525,0,0
0.14645,5902,0.4755,0,0
0.14645,5903,0.47575,0,0
0.14645,5904,0.476,0,0
0.14645,5905,0.47625,0,0
0.14645,5906,0.4765,0,0
0.14645,5907,0.47675,0,0
0.14645,5908,0.477,0,0
0.14645,5909,0.47725,0,0
0.14645,5910,0.4775,0,0
0.14645,5911,0.47775,0,0
0.14645,5912,0.478,0,0
0.14645,5913,0.47825,0,0
0.14645,5914,0.4785,0,0
0.14645,5915,0.47875,0,0
0.14645,5916,0.479,0,0
0.14645,5917,0.47925,0,0
0.14645,5918,0.4795,0,0
0.14645,5919,0.47975,0,0
0.14645,5920,0.48,0,0
0.14645,5921,0.48025,0,0
0.14645,5922,0.4805,0,0
0.14645,5923,0.48075,0,0
0.14645,5924,0.481,0,0
0.14645,5925,0.48125,0,0
0.14645,5926,0.4815,0,0
0.14645,5927,0.48175,0,0
0.14645,5928,0.482,0,0
0.14645,5929,0.48225,0,0
0.14645,5930,0.4825,0,0
0.14645,5931,0.48275,0,0
0.14645,5932,0.483,0,0
0.14645,5933,0.48325,0,0
0.14645,5934,0.4835,0,0
0.14645,5935,0.48375,0,0
0.14645,5936,0.484,0,0
0.14645,5937,0.48425,0,0
0.14645,5938,0.4845,0,0
0.14645,5939,0.48475,0,0
0.14645,5940,0.485,0,0
0.14645,5941,0.48525,0,0
0.14645,5942,0.4855,0,0
0.14645,5943,0.48575,0,0
0.14645,5944,0.486,0,0
0.14645,5945,0.48625,0,0
0.14645,5946,0.4865,0,0
0.14645,5947,0.48675,0,0
0.14645,5948,0.487,0,0
0.14645,5949,0.48725,0,0
0.14645,5950,0.4875,0,0
0.14645,5951,0.48775,0,0
0.14645,5952,0.488,0,0
0.14645,5953,0.48825,0,0
0.14645,5954,0.4885,0,0
0.14645,5955,0.48875,0,0
0.14645,5956,0.489,0,0
0.14645,5957,0.48925,0,0
0.14645,5958,0.4895,0,0
0.14645,5959,0.48975,0,0
0.14645,5960,0.49,0,0
0.14645,5961,0.49025,0,0
0.14645,5962,0.4905,0,0
0.14645,5963,0.49075,0,0
0.14645,5964,0.491,0,0
0.14645,5965,0.49125,0,0
0.14645,5966,0.4915,0,0
0.14645,5967,0.49175,0,0
0.14645,5968,0.492,0,0
0.14645,5969,0.49225,0,0
0.14645,5970,0.4925,0,0
0.14645,5971,0.49275,0,0
0.14645,5972,0.493,0,0
0.14645,5973,0.49325,0,0
0.14645,5974,0.4935,0,0
0.14645,5975,0.49375,0,0
0.14645,5976,0.494,0,0
0.14645,5977,0.49425,0,0
0.14645,5978,0.4945,0,0
0.14645,5979,0.49475,0,0
0.14645,5980,0.495,0,0
0.14645,5981,0.49525,0,0
0.14645,5982,0.4955,0,0
0.14645,5983,0.49575,0,0
0.14645,5984,0.496,0,0
0.14645,5985,0.49625,0,0
0.14645,5986,0.4965,0,0
0.14645,5987,0.49675,0,0
0.14645,5988,0.497,0,0
0.14645,5989,0.49725,0,0
0.14645,5990,0.4975,0,0
0.14645,5991,0.49775,0,0
0.14645,5992,0.498,0,0
0.14645,5993,0.49825,0,0
0.14645,5994,0.4985,0,0
0.14645,5995,0.49875,0,0
0.14645,5996,0.499,0,0
0.14645,5997,0.49925,0,0
0.14645,5998,0.4995,0,0
0.14645,5999,0.49975,0,0
0.14645,6000,0.5,0,0
0.14645,6001,0.50025,0,0
0.14645,6002,0.5005,0,0
0.14645,6003,0.50075,0,0
0.14645,6004,0.501,0,0
0.14645,6005,0.50125,0,0
0.14645,6006,0.5015,0,0
0.14645,6007,0.50175,0,0
0.14645,6008,0.502,0,0
0.14645,6009,0.50225,0,0
0.14645,6010,0.5025,0,0
0.14645,6011,0.50275,0,0
0.14645,6012,0.503,0,0
0.14645,6013,0.50325,0,0
0.14645,6014,0.5035,0,0
0.14645,6015,0.50375,0,0
0.14645,6016,0.504,0,0
0.14645,6017,0.50425,0,0
0.14645,6018,0.5045,0,0
0.14645,6019,0.50475,0,0
0.14645,6020,0.505,0,0
0.14645,6021,0.50525,0,0
0.14645,6022,0.5055,0,0
0.14645,6023,0.50575,0,0
0.14645,6024,0.506,0,0
0.14645,6025,0.50625,0,0
0.14645,6026,0.5065,0,0
0.14645,6027,0.50675,0,0
0.14645,6028,0.507,0,0
0.14645,6029,0.50725,0,0
0.14645,6030,0.5075,0,0
0.14645,6031,0.50775,0,0
0.14645,6032,0.508,0,0
0.14645,6033,0.50825,0,0
0.14645,6034,0.5085,0,0
0.14645,6035,0.50875,0,0
0.14645,6036,0.509,0,0
0.14645,6037,0.50925,0,0
0.14645,6038,0.5095,0,0
0.14645,6039,0.50975,0,0
0.14645,6040,0.51,0,0
0.14645,6041,0.51025,0,0
0.14645,6042,0.5105,0,0
0.14645,6043,0.51075,0,0
0.14645,6044,0.511,0,0
0.14645,6045,0.51125,0,0
0.14645,6046,0.5115,0,0
0.14645,6047,0.51175,0,0
0.14645,6048,0.512,0,0
0.14645,6049,0.51225,0,0
0.14645,6050,0.5125,0,0
0.14645,6051,0.51275,0,0
0.14645,6052,0.513,0,0
0.14645,6053,0.51325,0,0
0.14645,6054,0.5135,0,0
0.14645,6055,0.51375,0,0
0.14645,6056,0.514,0,0
0.14645,6057,0.51425,0,0
0.14645,6058,0.5145,0,0
0.14645,6059,0.51475,0,0
0.14645,6060,0.515,0,0
0.14645,6061,0.51525,0,0
0.14645,6062,0.5155,0,0
0.14645,6063,0.51575,0,0
0.14645,6064,0.516,0,0
0.14645,6065,0.51625,0,0
0.14645,6066,0.5165,0,0
0.14645,6067,0.51675,0,0
0.14645,6068,0.517,0,0
0.14645,6069,0.51725,0,0
0.14645,6070,0.5175,0,0
0.14645,6071,0.51775,0,0
0.14645,6072,0.518,0,0
0.14645,6073,0.51825,0,0
0.14645,6074,0.5185,0,0
0.14645,6075,0.51875,0,0
0.14645,6076,0.519,0,0
0.14645,6077,0.51925,0,0
0.14645,6078,0.5195,0,0
0.14645,6079,0.51975,0,0
0.14645,6080,0.52,0,0
0.14645,6081,0.52025,0,0
0.14645,6082,0.5205,0,0
0.14645,6083,0.52075,0,0
0.14645,6084,0.521,0,0
0.14645,6085,0.52125,0,0
0.14645,6086,0.5215,0,0
0.14645,6087,0.52175,0,0
0.14645,6088,0.522,0,0
0.14645,6089,0.52225,0,0
0.14645,6090,0.5225,0,0
0.14645,6091,0.52275,0,0
0.14645,6092,0.523,0,0
0.14645,6093,0.52325,0,0
0.14645,6094,0.5235,0,0
0.14645,6095,0.52375,0,0
0.14645,6096,0.524,0,0
0.14645,6097,0.52425,0,0
0.14645,6098,0.5245,0,0
0.14645,6099,0.52475,0,0
0.14645,6100,0.525,0,0
0.14645,6101,0.52525,0,0
0.14645,6102,0.5255,0,0
0.14645,6103,0.52575,0,0
0.14645,6104,0.526,0,0
0.14645,6105,0.52625,0,0
0.14645,6106,0.5265,0,0
0.14645,6107,0.52675,0,0
0.14645,6108,0.527,0,0
0.14645,6109,0.52725,0,0
0.14645,6110,0.5275,0,0
0.14645,6111,0.52775,0,0
0.14645,6112,0.528,0,0
0.14645,6113,0.52825,0,0
0.14645,6114,0.5285,0,0
0.14645,6115,0.52875,0,0
0.14645,6116,0.529,0,0
0.14645,6117,0.52925,0,0
0.14645,6118,0.5295,0,0
0.14645,6119,0.52975,0,0
0.14645,6120,0.53,0,0
0.14645,6121,0.53025,0,0
0.14645,6122,0.5305,0,0
0.14645,6123,0.53075,0,0
0.14645,6124,0.531,0,0
0.14645,6125,0.53125,0,0
0.14645,6126,0.5315,0,0
0.14645,6127,0.53175,0,0
0.14645,6128,0.532,0,0
0.14645,6129,0.53225,0,0
0.14645,6130,0.5325,0,0
0.14645,6131,0.53275,0,0
0.14645,6132,0.533,0,0
0.14645,6133,0.53325,0,0
0.14645,6134,0.5335,0,0
0.14645,6135,0.53375,0,0
0.14645,6136,0.534,0,0
0.14645,6137,0.53425,0,0
0.14645,6138,0.5345,0,0
0.14645,6139,0.53475,0,0
0.14645,6140,0.535,0,0
0.14645,6141,0.53525,0,0
0.14645,6142,0.5355,0,0
0.14645,6143,0.53575,0,0
0.14645,6144,0.536,0,0
0.14645,6145,0.53625,0,0
0.14645,6146,0.5365,0,0
0.14645,6147,0.53675,0,0
0.14645,6148,0.537,0,0
0.14645,6149,0.53725,0,0
0.14645,6150,0.5375,0,0
0.14645,6151,0.53775,0,0
0.14645,6152,0.538,0,0
0.14645,6153,0.53825,0,0
0.14645,6154,0.5385,0,0
0.14645,6155,0.53875,0,0
0.14645,6156,0.539,0,0
0.14645,6157,0.53925,0,0
0.14645,6158,0.5395,0,0
0.14645,6159,0.53975,0,0
0.14645,6160,0.54,0,0
0.14645,6161,0.54025,0,0
0.14645,6162,0.5405,0,0
0.14645,6163,0.54075,0,0
0.14645,6164,0.541,0,0
0.14645,6165,0.54125,0,0
0.14645,6166,0.5415,0,0
0.14645,6167,0.54175,0,0
0.14645,6168,0.542,0,0
0.14645,6169,0.54225,0,0
0.14645,6170,0.5425,0,0
0.14645,6171,0.54275,0,0
0.14645,6172,0.543,0,0
0.14645,6173,0.54325,0,0
0.14645,6174,0.5435,0,0
0.14645,6175,0.54375,0,0
0.14645,6176,0.544,0,0
0.14645,6177,0.54425,0,0
0.14645,6178,0.5445,0,0
0.14645,6179,0.54475,0,0
0.14645,6180,0.545,0,0
0.14645,6181,0.54525,0,0
0.14645,6182,0.5455,0,0
0.14645,6183,0.54575,0,0
0.14645,6184,0.546,0,0
0.14645,6185,0.54625,0,0
0.14645,6186,0.5465,0,0
0.14645,6187,0.54675,0,0
0.14645,6188,0.547,0,0
0.14645,6189,0.54725,0,0
0.14645,6190,0.5475,0,0
0.14645,6191,0.54775,0,0
0.14645,6192,0.548,0,0
0.14645,6193,0.54825,0,0
0.14645,6194,0.5485,0,0
0.14645,6195,0.54875,0,0
0.14645,6196,0.549,0,0
0.14645,6197,0.54925,0,0
0.14645,6198,0.5495,0,0
0.14645,6199,0.54975,0,0
0.14645,6200,0.55,0,0
0.14645,6201,0.55025,0,0
0.14645,6202,0.5505,0,0
0.14645,6203,0.55075,0,0
0.14645,6204,0.551,0,0
0.14645,6205,0.55125,0,0
0.14645,6206,0.5515,0,0
0.14645,6207,0.55175,0,0
0.14645,6208,0.552,0,0
0.14645,6209,0.55225,0,0
0.14645,6210,0.5525,0,0
0.14645,6211,0.55275,0,0
0.14645,6212,0.553,0,0
0.14645,6213,0.55325,0,0
0.14645,6214,0.5535,0,0
0.14645,6215,0.55375,0,0
0.14645,6216,0.554,0,0
0.14645,6217,0.55425,0,0
0.14645,6218,0.5545,0,0
0.14645,6219,0.55475,0,0
0.14645,6220,0.555,0,0
0.14645,6221,0.55525,0,0
0.14645,6222,0.5555,0,0
0.14645,6223,0.55575,0,0
0.14645,6224,0.556,0,0
0.14645,6225,0.55625,0,0
0.14645,6226,0.5565,0,0
0.14645,6227,0.55675,0,0
0.14645,6228,0.557,0,0
0.14645,6229,0.55725,0,0
0.14645,6230,0.5575,0,0
0.14645,6231,0.55775,0,0
0.14645,6232,0.558,0,0
0.14645,6233,0.55825,0,0
0.14645,6234,0.5585,0,0
0.14645,6235,0.55875,0,0
0.14645,6236,0.559,0,0
0.14645,6237,0.55925,0,0
0.14645,6238,0.5595,0,0
0.14645,6239,0.55975,0,0
0.14645,6240,0.56,0,0
0.14645,6241,0.56025,0,0
0.14645,6242,0.5605,0,0
0.14645,6243,0.56075,0,0
0.14645,6244,0.561,0,0
0.14645,6245,0.56125,0,0
0.14645,6246,0.5615,0,0
0.14645,6247,0.56175,0,0
0.14645,6248,0.562,0,0
0.14645,6249,0.56225,0,0
0.14645,6250,0.5625,0,0
0.14645,6251,0.56275,0,0
0.14645,6252,0.563,0,0
0.14645,6253,0.56325,0,0
0.14645,6254,0.5635,0,0
0.14645,6255,0.56375,0,0
0.14645,6256,0.564,0,0
0.14645,6257,0.56425,0,0
0.14645,6258,0.5645,0,0
0.14645,6259,0.56475,0,0
0.14645,6260,0.565,0,0
0.14645,6261,0.56525,0,0
0.14645,6262,0.5655,0,0
0.14645,6263,0.56575,0,0
0.14645,6264,0.566,0,0
0.14645,6265,0.56625,0,0
0.14645,6266,0.5665,0,0
0.14645,6267,0.56675,0,0
0.14645,6268,0.567,0,0
0.14645,6269,0.56725,0,0
0.14645,6270,0.5675,0,0
0.14645,6271,0.56775,0,0
0.14645,6272,0.568,0,0
0.14645,6273,0.56825,0,0
0.14645,6274,0.5685,0,0
0.14645,6275,0.56875,0,0
0.14645,6276,0.569,0,0
0.14645,6277,0.56925,0,0
0.14645,6278,0.5695,0,0
0.14645,6279,0.56975,0,0
0.14645,6280,0.57,0,0
0.14645,6281,0.57025,0,0
0.14645,6282,0.5705,0,0
0.14645,6283,0.57075,0,0
0.14645,6284,0.571,0,0
0.14645,6285,0.57125,0,0
0.14645,6286,0.5715,0,0
0.14645,6287,0.57175,0,0
0.14645,6288,0.572,0,0
0.14645,6289,0.57225,0,0
0.14645,6290,0.5725,0,0
0.14645,6291,0.57275,0,0
0.14645,6292,0.573,0,0
0.14645,6293,0.57325,0,0
0.14645,6294,0.5735,0,0
0.14645,6295,0.57375,0,0
0.14645,6296,0.574,0,0
0.14645,6297,0.57425,0,0
0.14645,6298,0.5745,0,0
0.14645,6299,0.57475,0,0
0.14645,6300,0.575,0,0
0.14645,6301,0.57525,0,0
0.14645,6302,0.5755,0,0
0.14645,6303,0.57575,0,0
0.14645,6304,0.576,0,0
0.14645,6305,0.57625,0,0
0.14645,6306,0.5765,0,0
0.14645,6307,0.57675,0,0
0.14645,6308,0.577,0,0
0.14645,6309,0.57725,0,0
0.14645,6310,0.5775,0,0
0.14645,6311,0.57775,0,0
0.14645,6312,0.578,0,0
0.14645,6313,0.57825,0,0
0.14645,6314,0.5785,0,0
0.14645,6315,0.57875,0,0
0.14645,6316,0.579,0,0
0.14645,6317,0.57925,0,0
0.14645,6318,0.5795,0,0
0.14645,6319,0.57975,0,0
0.14645,6320,0.58,0,0
0.14645,6321,0.58025,0,0
0.14645,6322,0.5805,0,0
0.14645,6323,0.58075,0,0
0.14645,6324,0.581,0,0
0.14645,6325,0.58125,0,0
0.14645,6326,0.5815,0,0
0.14645,6327,0.58175,0,0
0.14645,6328,0.582,0,0
0.14645,6329,0.58225,0,0
0.14645,6330,0.5825,0,0
0.14645,6331,0.58275,0,0
0.14645,6332,0.583,0,0
0.14645,6333,0.58325,0,0
0.14645,6334,0.5835,0,0
0.14645,6335,0.58375,0,0
0.14645,6336,0.584,0,0
0.14645,6337,0.58425,0,0
0.14645,6338,0.5845,0,0
0.14645,6339,0.58475,0,0
0.14645,6340,0.585,0,0
0.14645,6341,0.58525,0,0
0.14645,6342,0.5855,0,0
0.14645,6343,0.58575,0,0
0.14645,6344,0.586,0,0
0.14645,6345,0.58625,0,0
0.14645,6346,0.5865,0,0
0.14645,6347,0.58675,0,0
0.14645,6348,0.587,0,0
0.14645,6349,0.58725,0,0
0.14645,6350,0.5875,0,0
0.14645,6351,0.58775,0,0
0.14645,6352,0.588,0,0
0.14645,6353,0.58825,0,0
0.14645,6354,0.5885,0,0
0.14645,6355,0.58875,0,0
0.14645,6356,0.589,0,0
0.14645,6357,0.58925,0,0
0.14645,6358,0.5895,0,0
0.14645,6359,0.58975,0,0
0.14645,6360,0.59,0,0
0.14645,6361,0.59025,0,0
0.14645,6362,0.5905,0,0
0.14645,6363,0.59075,0,0
0.14645,6364,0.591,0,0
0.14645,6365,0.59125,0,0
0.14645,6366,0.5915,0,0
0.14645,6367,0.59175,0,0
0.14645,6368,0.592,0,0
0.14645,6369,0.59225,0,0
0.14645,6370,0.5925,0,0
0.14645,6371,0.59275,0,0
0.14645,6372,0.593,0,0
0.14645,6373,0.59325,0,0
0.14645,6374,0.5935,0,0
0.14645,6375,0.59375,0,0
0.14645,6376,0.594,0,0
0.14645,6377,0.59425,0,0
0.14645,6378,0.5945,0,0
0.14645,6379,0.59475,0,0
0.14645,6380,0.595,0,0
0.14645,6381,0.59525,0,0
0.14645,6382,0.5955,0,0
0.14645,6383,0.59575,0,0
0.14645,6384,0.596,0,0
0.14645,6385,0.59625,0,0
0.14645,6386,0.5965,0,0
0.14645,6387,0.59675,0,0
0.14645,6388,0.597,0,0
0.14645,6389,0.59725,0,0
0.14645,6390,0.5975,0,0
0.14645,6391,0.59775,0,0
0.14645,6392,0.598,0,0
0.14645,6393,0.59825,0,0
0.14645,6394,0.5985,0,0
0.14645,6395,0.59875,0,0
0.14645,6396,0.599,0,0
0.14645,6397,0.59925,0,0
0.14645,6398,0.5995,0,0
0.14645,6399,0.59975,0,0
0.14645,6400,0.6,0,0
0.14645,6401,0.60025,0,0
0.14645,6402,0.6005,0,0
0.14645,6403,0.60075,0,0
0.14645,6404,0.601,0,0
0.14645,6405,0.60125,0,0
0.14645,6406,0.6015,0,0
0.14645,6407,0.60175,0,0
0.14645,6408,0.602,0,0
0.14645,6409,0.60225,0,0
0.14645,6410,0.6025,0,0
0.14645,6411,0.60275,0,0
0.14645,6412,0.603,0,0
0.14645,6413,0.60325,0,0
0.14645,6414,0.6035,0,0
0.14645,6415,0.60375,0,0
0.14645,6416,0.604,0,0
0.14645,6417,0.60425,0,0
0.14645,6418,0.6045,0,0
0.14645,6419,0.60475,0,0
0.14645,6420,0.605,0,0
0.14645,6421,0.60525,0,0
0.14645,6422,0.6055,0,0
0.14645,6423,0.60575,0,0
0.14645,6424,0.606,0,0
0.14645,6425,0.60625,0,0
0.14645,6426,0.6065,0,0
0.14645,6427,0.60675,0,0
0.14645,6428,0.607,0,0
0.14645,6429,0.60725,0,0
0.14645,6430,0.6075,0,0
0.14645,6431,0.60775,0,0
0.14645,6432,0.608,0,0
0.14645,6433,0.60825,0,0
0.14645,6434,0.6085,0,0
0.14645,6435,0.60875,0,0
0.14645,6436,0.609,0,0
0.14645,6437,0.60925,0,0
0.14645,6438,0.6095,0,0
0.14645,6439,0.60975,0,0
0.14645,6440,0.61,0,0
0.14645,6441,0.61025,0,0
0.14645,6442,0.6105,0,0
0.14645,6443,0.61075,0,0
0.14645,6444,0.611,0,0
0.14645,6445,0.61125,0,0
0.14645,6446,0.6115,0,0
0.14645,6447,0.61175,0,0
0.14645,6448,0.612,0,0
0.14645,6449,0.61225,0,0
0.14645,6450,0.6125,0,0
0.14645,6451,0.61275,0,0
0.14645,6452,0.613,0,0
0.14645,6453,0.61325,0,0
0.14645,6454,0.6135,0,0
0.14645,6455,0.61375,0,0
0.14645,6456,0.614,0,0
0.14645,6457,0.61425,0,0
0.14645,6458,0.6145,0,0
0.14645,6459,0.61475,0,0
0.14645,6460,0.615,0,0
0.14645,6461,0.61525,0,0
0.14645,6462,0.6155,0,0
0.14645,6463,0.61575,0,0
0.14645,6464,0.616,0,0
0.14645,6465,0.61625,0,0
0.14645,6466,0.6165,0,0
0.14645,6467,0.61675,0,0
0.14645,6468,0.617,0,0
0.14645,6469,0.61725,0,0
0.14645,6470,0.6175,0,0
0.14645,6471,0.61775,0,0
0.14645,6472,0.618,0,0
0.14645,6473,0.61825,0,0
0.14645,6474,0.6185,0,0
0.14645,6475,0.61875,0,0
0.14645,6476,0.619,0,0
0.14645,6477,0.61925,0,0
0.14645,6478,0.6195,0,0
0.14645,6479,0.61975,0,0
0.14645,6480,0.62,0,0
0.14645,6481,0.62025,0,0
0.14645,6482,0.6205,0,0
0.14645,6483,0.62075,0,0
0.14645,6484,0.621,0,0
0.14645,6485,0.62125,0,0
0.14645,6486,0.6215,0,0
0.14645,6487,0.62175,0,0
0.14645,6488,0.622,0,0
0.14645,6489,0.62225,0,0
0.14645,6490,0.6225,0,0
0.14645,6491,0.62275,0,0
0.14645,6492,0.623,0,0
0.14645,6493,0.62325,0,0
0.14645,6494,0.6235,0,0
0.14645,6495,0.62375,0,0
0.14645,6496,0.624,0,0
0.14645,6497,0.62425,0,0
0.14645,6498,0.6245,0,0
0.14645,6499,0.62475,0,0
0.14645,6500,0.625,0,0
0.14645,6501,0.62525,0,0
0.14645,6502,0.6255,0,0
0.14645,6503,0.62575,0,0
0.14645,6504,0.626,0,0
0.14645,6505,0.62625,0,0
0.14645,6506,0.6265,0,0
0.14645,6507,0.62675,0,0
0.14645,6508,0.627,0,0
0.14645,6509,0.62725,0,0
0.14645,6510,0.6275,0,0
0.14645,6511,0.62775,0,0
0.14645,6512,0.628,0,0
0.14645,6513,0.62825,0,0
0.14645,6514,0.6285,0,0
0.14645,6515,0.62875,0,0
0.14645,6516,0.629,0,0
0.14645,6517,0.62925,0,0
0.14645,6518,0.6295,0,0
0.14645,6519,0.62975,0,0
0.14645,6520,0.63,0,0
0.14645,6521,0.63025,0,0
0.14645,6522,0.6305,0,0
0.14645,6523,0.63075,0,0
0.14645,6524,0.631,0,0
0.14645,6525,0.63125,0,0
0.14645,6526,0.6315,0,0
0.14645,6527,0.63175,0,0
0.14645,6528,0.632,0,0
0.14645,6529,0.63225,0,0
0.14645,6530,0.6325,0,0
0.14645,6531,0.63275,0,0
0.14645,6532,0.633,0,0
0.14645,6533,0.63325,0,0
0.14645,6534,0.6335,0,0
0.14645,6535,0.63375,0,0
0.14645,6536,0.634,0,0
0.14645,6537,0.63425,0,0
0.14645,6538,0.6345,0,0
0.14645,6539,0.63475,0,0
0.14645,6540,0.635,0,0
0.14645,6541,0.63525,0,0
0.14645,6542,0.6355,0,0
0.14645,6543,0.63575,0,0
0.14645,6544,0.636,0,0
0.14645,6545,0.63625,0,0
0.14645,6546,0.6365,0,0
0.14645,6547,0.63675,0,0
0.14645,6548,0.637,0,0
0.14645,6549,0.63725,0,0
0.14645,6550,0.6375,0,0
0.14645,6551,0.63775,0,0
0.14645,6552,0.638,0,0
0.14645,6553,0.63825,0,0
0.14645,6554,0.6385,0,0
0.14645,6555,0.63875,0,0
0.14645,6556,0.639,0,0
0.14645,6557,0.63925,0,0
0.14645,6558,0.6395,0,0
0.14645,6559,0.63975,0,0
0.14645,6560,0.64,0,0
0.14645,6561,0.64025,0,0
0.14645,6562,0.6405,0,0
0.14645,6563,0.64075,0,0
0.14645,6564,0.641,0,0
0.14645,6565,0.64125,0,0
0.14645,6566,0.6415,0,0
0.14645,6567,0.64175,0,0
0.14645,6568,0.642,0,0
0.14645,6569,0.64225,0,0
0.14645,6570,0.6425,0,0
0.14645,6571,0.64275,0,0
0.14645,6572,0.643,0,0
0.14645,6573,0.64325,0,0
0.14645,6574,0.6435,0,0
0.14645,6575,0.64375,0,0
0.14645,6576,0.644,0,0
0.14645,6577,0.64425,0,0
0.14645,6578,0.6445,0,0
0.14645,6579,0.64475,0,0
0.14645,6580,0.645,0,0
0.14645,6581,0.64525,0,0
0.14645,6582,0.6455,0,0
0.14645,6583,0.64575,0,0
0.14645,6584,0.646,0,0
0.14645,6585,0.64625,0,0
0.14645,6586,0.6465,0,0
0.14645,6587,0.64675,0,0
0.14645,6588,0.647,0,0
0.14645,6589,0.64725,0,0
0.14645,6590,0.6475,0,0
0.14645,6591,0.64775,0,0
0.14645,6592,0.648,0,0
0.14645,6593,0.64825,0,0
0.14645,6594,0.6485,0,0
0.14645,6595,0.64875,0,0
0.14645,6596,0.649,0,0
0.14645,6597,0.64925,0,0
0.14645,6598,0.6495,0,0
0.14645,6599,0.64975,0,0
0.14645,6600,0.65,0,0
0.14645,6601,0.65025,0,0
0.14645,6602,0.6505,0,0
0.14645,6603,0.65075,0,0
0.14645,6604,0.651,0,0
0.14645,6605,0.65125,0,0
0.14645,6606,0.6515,0,0
0.14645,6607,0.65175,0,0
0.14645,6608,0.652,0,0
0.14645,6609,0.65225,0,0
0.14645,6610,0.6525,0,0
0.14645,6611,0.65275,0,0
0.14645,6612,0.653,0,0
0.14645,6613,0.65325,0,0
0.14645,6614,0.6535,0,0
0.14645,6615,0.65375,0,0
0.14645,6616,0.654,0,0
0.14645,6617,0.65425,0,0
0.14645,6618,0.6545,0,0
0.14645,6619,0.65475,0,0
0.14645,6620,0.655,0,0
0.14645,6621,0.65525,0,0
0.14645,6622,0.6555,0,0
0.14645,6623,0.65575,0,0
0.14645,6624,0.656,0,0
0.14645,6625,0.65625,0,0
0.14645,6626,0.6565,0,0
0.14645,6627,0.65675,0,0
0.14645,6628,0.657,0,0
0.14645,6629,0.65725,0,0
0.14645,6630,0.6575,0,0
0.14645,6631,0.65775,0,0
0.14645,6632,0.658,0,0
0.14645,6633,0.65825,0,0
0.14645,6634,0.6585,0,0
0.14645,6635,0.65875,0,0
0.14645,6636,0.659,0,0
0.14645,6637,0.65925,0,0
0.14645,6638,0.6595,0,0
0.14645,6639,0.65975,0,0
0.14645,6640,0.66,0,0
0.14645,6641,0.66025,0,0
0.14645,6642,0.6605,0,0
0.14645,6643,0.66075,0,0
0.14645,6644,0.661,0,0
0.14645,6645,0.66125,0,0
0.14645,6646,0.6615,0,0
0.14645,6647,0.66175,0,0
0.14645,6648,0.662,0,0
0.14645,6649,0.66225,0,0
0.14645,6650,0.6625,0,0
0.14645,6651,0.66275,0,0
0.14645,6652,0.663,0,0
0.14645,6653,0.66325,0,0
0.14645,6654,0.6635,0,0
0.14645,6655,0.66375,0,0
0.14645,6656,0.664,0,0
0.14645,6657,0.66425,0,0
0.14645,6658,0.6645,0,0
0.14645,6659,0.66475,0,0
0.14645,6660,0.665,0,0
0.14645,6661,0.66525,0,0
0.14645,6662,0.6655,0,0
0.14645,6663,0.66575,0,0
0.14645,6664,0.666,0,0
0.14645,6665,0.66625,0,0
0.14645,6666,0.6665,0,0
0.14645,6667,0.66675,0,0
0.14645,6668,0.667,0,0
0.14645,6669,0.66725,0,0
0.14645,6670,0.6675,0,0
0.14645,6671,0.66775,0,0
0.14645,6672,0.668,0,0
0.14645,6673,0.66825,0,0
0.14645,6674,0.6685,0,0
0.14645,6675,0.66875,0,0
0.14645,6676,0.669,0,0
0.14645,6677,0.66925,0,0
0.14645,6678,0.6695,0,0
0.14645,6679,0.66975,0,0
0.14645,6680,0.67,0,0
0.14645,6681,0.67025,0,0
0.14645,6682,0.6705,0,0
0.14645,6683,0.67075,0,0
0.14645,6684,0.671,0,0
0.14645,6685,0.67125,0,0
0.14645,6686,0.6715,0,0
0.14645,6687,0.67175,0,0
0.14645,6688,0.672,0,0
0.14645,6689,0.67225,0,0
0.14645,6690,0.6725,0,0
0.14645,6691,0.67275,0,0
0.14645,6692,0.673,0,0
0.14645,6693,0.67325,0,0
0.14645,6694,0.6735,0,0
0.14645,6695,0.67375,0,0
0.14645,6696,0.674,0,0
0.14645,6697,0.67425,0,0
0.14645,6698,0.6745,0,0
0.14645,6699,0.67475,0,0
0.14645,6700,0.675,0,0
0.14645,6701,0.67525,0,0
0.14645,6702,0.6755,0,0
0.14645,6703,0.67575,0,0
0.14645,6704,0.676,0,0
0.14645,6705,0.67625,0,0
0.14645,6706,0.6765,0,0
0.14645,6707,0.67675,0,0
0.14645,6708,0.677,0,0
0.14645,6709,0.67725,0,0
0.14645,6710,0.6775,0,0
0.14645,6711,0.67775,0,0
0.14645,6712,0.678,0,0
0.14645,6713,0.67825,0,0
0.14645,6714,0.6785,0,0
0.14645,6715,0.67875,0,0
0.14645,6716,0.679,0,0
0.14645,6717,0.67925,0,0
0.14645,6718,0.6795,0,0
0.14645,6719,0.67975,0,0
0.14645,6720,0.68,0,0
0.14645,6721,0.68025,0,0
0.14645,6722,0.6805,0,0
0.14645,6723,0.68075,0,0
0.14645,6724,0.681,0,0
0.14645,6725,0.68125,0,0
0.14645,6726,0.6815,0,0
0.14645,6727,0.68175,0,0
0.14645,6728,0.682,0,0
0.14645,6729,0.68225,0,0
0.14645,6730,0.6825,0,0
0.14645,6731,0.68275,0,0
0.14645,6732,0.683,0,0
0.14645,6733,0.68325,0,0
0.14645,6734,0.6835,0,0
0.14645,6735,0.68375,0,0
0.14645,6736,0.684,0,0
0.14645,6737,0.68425,0,0
0.14645,6738,0.6845,0,0
0.14645,6739,0.68475,0,0
0.14645,6740,0.685,0,0
0.14645,6741,0.68525,0,0
0.14645,6742,0.6855,0,0
0.14645,6743,0.68575,0,0
0.14645,6744,0.686,0,0
0.14645,6745,0.68625,0,0
0.14645,6746,0.6865,0,0
0.14645,6747,0.68675,0,0
0.14645,6748,0.687,0,0
0.14645,6749,0.68725,0,0
0.14645,6750,0.6875,0,0
0.14645,6751,0.68775,0,0
0.14645,6752,0.688,0,0
0.14645,6753,0.68825,0,0
0.14645,6754,0.6885,0,0
0.14645,6755,0.68875,0,0
0.14645,6756,0.689,0,0
0.14645,6757,0.68925,0,0
0.14645,6758,0.6895,0,0
0.14645,6759,0.68975,0,0
0.14645,6760,0.69,0,0
0.14645,6761,0.69025,0,0
0.14645,6762,0.6905,0,0
0.14645,6763,0.69075,0,0
0.14645,6764,0.691,0,0
0.14645,6765,0.69125,0,0
0.14645,6766,0.6915,0,0
0.14645,6767,0.69175,0,0
0.14645,6768,0.692,0,0
0.14645,6769,0.69225,0,0
0.14645,6770,0.6925,0,0
0.14645,6771,0.69275,0,0
0.14645,6772,0.693,0,0
0.14645,6773,0.69325,0,0
0.14645,6774,0.6935,0,0
0.14645,6775,0.69375,0,0
0.14645,6776,0.694,0,0
0.14645,6777,0.69425,0,0
0.14645,6778,0.6945,0,0
0.14645,6779,0.69475,0,0
0.14645,6780,0.695,0,0
0.14645,6781,0.69525,0,0
0.14645,6782,0.6955,0,0
0.14645,6783,0.69575,0,0
0.14645,6784,0.696,0,0
0.14645,6785,0.69625,0,0
0.14645,6786,0.6965,0,0
0.14645,6787,0.69675,0,0
0.14645,6788,0.697,0,0
0.14645,6789,0.69725,0,0
0.14645,6790,0.6975,0,0
0.14645,6791,0.69775,0,0
0.14645,6792,0.698,0,0
0.14645,6793,0.69825,0,0
0.14645,6794,0.6985,0,0
0.14645,6795,0.69875,0,0
0.14645,6796,0.699,0,0
0.14645,6797,0.69925,0,0
0.14645,6798,0.6995,0,0
0.14645,6799,0.69975,0,0
0.14645,6800,0.7,0,0
0.14645,6801,0.70025,0,0
0.14645,6802,0.7005,0,0
0.14645,6803,0.70075,0,0
0.14645,6804,0.701,0,0
0.14645,6805,0.70125,0,0
0.14645,6806,0.7015,0,0
0.14645,6807,0.70175,0,0
0.14645,6808,0.702,0,0
0.14645,6809,0.70225,0,0
0.14645,6810,0.7025,0,0
0.14645,6811,0.70275,0,0
0.14645,6812,0.703,0,0
0.14645,6813,0.70325,0,0
0.14645,6814,0.7035,0,0
0.14645,6815,0.70375,0,0
0.14645,6816,0.704,0,0
0.14645,6817,0.70425,0,0
0.14645,6818,0.7045,0,0
0.14645,6819,0.70475,0,0
0.14645,6820,0.705,0,0
0.14645,6821,0.70525,0,0
0.14645,6822,0.7055,0,0
0.14645,6823,0.70575,0,0
0.14645,6824,0.706,0,0
0.14645,6825,0.70625,0,0
0.14645,6826,0.7065,0,0
0.14645,6827,0.70675,0,0
0.14645,6828,0.707,0,0
0.14645,6829,0.70725,0,0
0.14645,6830,0.7075,0,0
0.14645,6831,0.70775,0,0
0.14645,6832,0.708,0,0
0.14645,6833,0.70825,0,0
0.14645,6834,0.7085,0,0
0.14645,6835,0.70875,0,0
0.14645,6836,0.709,0,0
0.14645,6837,0.70925,0,0
0.14645,6838,0.7095,0,0
0.14645,6839,0.70975,0,0
0.14645,6840,0.71,0,0
0.14645,6841,0.71025,0,0
0.14645,6842,0.7105,0,0
0.14645,6843,0.71075,0,0
0.14645,6844,0.711,0,0
0.14645,6845,0.71125,0,0
0.14645,6846,0.7115,0,0
0.14645,6847,0.71175,0,0
0.14645,6848,0.712,0,0
0.14645,6849,0.71225,0,0
0.14645,6850,0.7125,0,0
0.14645,6851,0.71275,0,0
0.14645,6852,0.713,0,0
0.14645,6853,0.71325,0,0
0.14645,6854,0.7135,0,0
0.14645,6855,0.71375,0,0
0.14645,6856,0.714,0,0
0.14645,6857,0.71425,0,0
0.14645,6858,0.7145,0,0
0.14645,6859,0.71475,0,0
0.14645,6860,0.715,0,0
0.14645,6861,0.71525,0,0
0.14645,6862,0.7155,0,0
0.14645,6863,0.71575,0,0
0.14645,6864,0.716,0,0
0.14645,6865,0.71625,0,0
0.14645,6866,0.7165,0,0
0.14645,6867,0.71675,0,0
0.14645,6868,0.717,0,0
0.14645,6869,0.71725,0,0
0.14645,6870,0.7175,0,0
0.14645,6871,0.71775,0,0
0.14645,6872,0.718,0,0
0.14645,6873,0.71825,0,0
0.14645,6874,0.7185,0,0
0.14645,6875,0.71875,0,0
0.14645,6876,0.719,0,0
0.14645,6877,0.71925,0,0
0.14645,6878,0.7195,0,0
0.14645,6879,0.71975,0,0
0.14645,6880,0.72,0,0
0.14645,6881,0.72025,0,0
0.14645,6882,0.7205,0,0
0.14645,6883,0.72075,0,0
0.14645,6884,0.721,0,0
0.14645,6885,0.72125,0,0
0.14645,6886,0.7215,0,0
0.14645,6887,0.72175,0,0
0.14645,6888,0.722,0,0
0.14645,6889,0.72225,0,0
0.14645,6890,0.7225,0,0
0.14645,6891,0.72275,0,0
0.14645,6892,0.723,0,0
0.14645,6893,0.72325,0,0
0.14645,6894,0.7235,0,0
0.14645,6895,0.72375,0,0
0.14645,6896,0.724,0,0
0.14645,6897,0.72425,0,0
0.14645,6898,0.7245,0,0
0.14645,6899,0.72475,0,0
0.14645,6900,0.725,0,0
0.14645,6901,0.72525,0,0
0.14645,6902,0.7255,0,0
0.14645,6903,0.72575,0,0
0.14645,6904,0.726,0,0
0.14645,6905,0.72625,0,0
0.14645,6906,0.7265,0,0
0.14645,6907,0.72675,0,0
0.14645,6908,0.727,0,0
0.14645,6909,0.72725,0,0
0.14645,6910,0.7275,0,0
0.14645,6911,0.72775,0,0
0.14645,6912,0.728,0,0
0.14645,6913,0.72825,0,0
0.14645,6914,0.7285,0,0
0.14645,6915,0.72875,0,0
0.14645,6916,0.729,0,0
0.14645,6917,0.72925,0,0
0.14645,6918,0.7295,0,0
0.14645,6919,0.72975,0,0
0.14645,6920,0.73,0,0
0.14645,6921,0.73025,0,0
0.14645,6922,0.7305,0,0
0.14645,6923,0.73075,0,0
0.14645,6924,0.731,0,0
0.14645,6925,0.73125,0,0
0.14645,6926,0.7315,0,0
0.14645,6927,0.73175,0,0
0.14645,6928,0.732,0,0
0.14645,6929,0.73225,0,0
0.14645,6930,0.7325,0,0
0.14645,6931,0.73275,0,0
0.14645,6932,0.733,0,0
0.14645,6933,0.73325,0,0
0.14645,6934,0.7335,0,0
0.14645,6935,0.73375,0,0
0.14645,6936,0.734,0,0
0.14645,6937,0.73425,0,0
0.14645,6938,0.7345,0,0
0.14645,6939,0.73475,0,0
0.14645,6940,0.735,0,0
0.14645,6941,0.73525,0,0
0.14645,6942,0.7355,0,0
0.14645,6943,0.73575,0,0
0.14645,6944,0.736,0,0
0.14645,6945,0.73625,0,0
0.14645,6946,0.7365,0,0
0.14645,6947,0.73675,0,0
0.14645,6948,0.737,0,0
0.14645,6949,0.73725,0,0
0.14645,6950,0.7375,0,0
0.14645,6951,0.73775,0,0
0.14645,6952,0.738,0,0
0.14645,6953,0.73825,0,0
0.14645,6954,0.7385,0,0
0.14645,6955,0.73875,0,0
0.14645,6956,0.739,0,0
0.14645,6957,0.73925,0,0
0.14645,6958,0.7395,0,0
0.14645,6959,0.73975,0,0
0.14645,6960,0.74,0,0
0.14645,6961,0.74025,0,0
0.14645,6962,0.7405,0,0
0.14645,6963,0.74075,0,0
0.14645,6964,0.741,0,0
0.14645,6965,0.74125,0,0
0.14645,6966,0.7415,0,0
0.14645,6967,0.74175,0,0
0.14645,6968,0.742,0,0
0.14645,6969,0.74225,0,0
0.14645,6970,0.7425,0,0
0.14645,6971,0.74275,0,0
0.14645,6972,0.743,0,0
0.14645,6973,0.74325,0,0
0.14645,6974,0.7435,0,0
0.14645,6975,0.74375,0,0
0.14645,6976,0.744,0,0
0.14645,6977,0.74425,0,0
0.14645,6978,0.7445,0,0
0.14645,6979,0.74475,0,0
0.14645,6980,0.745,0,0
0.14645,6981,0.74525,0,0
0.14645,6982,0.7455,0,0
0.14645,6983,0.74575,0,0
0.14645,6984,0.746,0,0
0.14645,6985,0.74625,0,0
0.14645,6986,0.7465,0,0
0.14645,6987,0.74675,0,0
0.14645,6988,0.747,0,0
0.14645,6989,0.74725,0,0
0.14645,6990,0.7475,0,0
0.14645,6991,0.74775,0,0
0.14645,6992,0.748,0,0
0.14645,6993,0.74825,0,0
0.14645,6994,0.7485,0,0
0.14645,6995,0.74875,0,0
0.14645,6996,0.749,0,0
0.14645,6997,0.74925,0,0
0.14645,6998,0.7495,0,0
0.14645,6999,0.74975,0,0
0.14645,7000,0.75,0,0
0.14645,7001,0.75025,0,0
0.14645,7002,0.7505,0,0
0.14645,7003,0.75075,0,0
0.14645,7004,0.751,0,0
0.14645,7005,0.75125,0,0
0.14645,7006,0.7515,0,0
0.14645,7007,0.75175,0,0
0.14645,7008,0.752,0,0
0.14645,7009,0.75225,0,0
0.14645,7010,0.7525,0,0
0.14645,7011,0.75275,0,0
0.14645,7012,0.753,0,0
0.14645,7013,0.75325,0,0
0.14645,7014,0.7535,0,0
0.14645,7015,0.75375,0,0
0.14645,7016,0.754,0,0
0.14645,7017,0.75425,0,0
0.14645,7018,0.7545,0,0
0.14645,7019,0.75475,0,0
0.14645,7020,0.755,0,0
0.14645,7021,0.75525,0,0
0.14645,7022,0.7555,0,0
0.14645,7023,0.75575,0,0
0.14645,7024,0.756,0,0
0.14645,7025,0.75625,0,0
0.14645,7026,0.7565,0,0
0.14645,7027,0.75675,0,0
0.14645,7028,0.757,0,0
0.14645,7029,0.75725,0,0
0.14645,7030,0.7575,0,0
0.14645,7031,0.75775,0,0
0.14645,7032,0.758,0,0
0.14645,7033,0.75825,0,0
0.14645,7034,0.7585,0,0
0.14645,7035,0.75875,0,0
0.14645,7036,0.759,0,0
0.14645,7037,0.75925,0,0
0.14645,7038,0.7595,0,0
0.14645,7039,0.75975,0,0
0.14645,7040,0.76,0,0
0.14645,7041,0.76025,0,0
0.14645,7042,0.7605,0,0
0.14645,7043,0.76075,0,0
0.14645,7044,0.761,0,0
0.14645,7045,0.76125,0,0
0.14645,7046,0.7615,0,0
0.14645,7047,0.76175,0,0
0.14645,7048,0.762,0,0
0.14645,7049,0.76225,0,0
0.14645,7050,0.7625,0,0
0.14645,7051,0.76275,0,0
0.14645,7052,0.763,0,0
0.14645,7053,0.76325,0,0
0.14645,7054,0.7635,0,0
0.14645,7055,0.76375,0,0
0.14645,7056,0.764,0,0
0.14645,7057,0.76425,0,0
0.14645,7058,0.7645,0,0
0.14645,7059,0.76475,0,0
0.14645,7060,0.765,0,0
0.14645,7061,0.76525,0,0
0.14645,7062,0.7655,0,0
0.14645,7063,0.76575,0,0
0.14645,7064,0.766,0,0
0.14645,7065,0.76625,0,0
0.14645,7066,0.7665,0,0
0.14645,7067,0.76675,0,0
0.14645,7068,0.767,0,0
0.14645,7069,0.76725,0,0
0.14645,7070,0.7675,0,0
0.14645,7071,0.76775,0,0
0.14645,7072,0.768,0,0
0.14645,7073,0.76825,0,0
0.14645,7074,0.7685,0,0
0.14645,7075,0.76875,0,0
0.14645,7076,0.769,0,0
0.14645,7077,0.76925,0,0
0.14645,7078,0.7695,0,0
0.14645,7079,0.76975,0,0
0.14645,7080,0.77,0,0
0.14645,7081,0.77025,0,0
0.14645,7082,0.7705,0,0
0.14645,7083,0.77075,0,0
0.14645,7084,0.771,0,0
0.14645,7085,0.77125,0,0
0.14645,7086,0.7715,0,0
0.14645,7087,0.77175,0,0
0.14645,7088,0.772,0,0
0.14645,7089,0.77225,0,0
0.14645,7090,0.7725,0,0
0.14645,7091,0.77275,0,0
0.14645,7092,0.773,0,0
0.14645,7093,0.77325,0,0
0.14645,7094,0.7735,0,0
0.14645,7095,0.77375,0,0
0.14645,7096,0.774,0,0
0.14645,7097,0.77425,0,0
0.14645,7098,0.7745,0,0
0.14645,7099,0.77475,0,0
0.14645,7100,0.775,0,0
0.14645,7101,0.77525,0,0
0.14645,7102,0.7755,0,0
0.14645,7103,0.77575,0,0
0.14645,7104,0.776,0,0
0.14645,7105,0.77625,0,0
0.14645,7106,0.7765,0,0
0.14645,7107,0.77675,0,0
0.14645,7108,0.777,0,0
0.14645,7109,0.77725,0,0
0.14645,7110,0.7775,0,0
0.14645,7111,0.77775,0,0
0.14645,7112,0.778,0,0
0.14645,7113,0.77825,0,0
0.14645,7114,0.7785,0,0
0.14645,7115,0.77875,0,0
0.14645,7116,0.779,0,0
0.14645,7117,0.77925,0,0
0.14645,7118,0.7795,0,0
0.14645,7119,0.77975,0,0
0.14645,7120,0.78,0,0
0.14645,7121,0.78025,0,0
0.14645,7122,0.7805,0,0
0.14645,7123,0.78075,0,0
0.14645,7124,0.781,0,0
0.14645,7125,0.78125,0,0
0.14645,7126,0.7815,0,0
0.14645,7127,0.78175,0,0
0.14645,7128,0.782,0,0
0.14645,7129,0.78225,0,0
0.14645,7130,0.7825,0,0
0.14645,7131,0.78275,0,0
0.14645,7132,0.783,0,0
0.14645,7133,0.78325,0,0
0.14645,7134,0.7835,0,0
0.14645,7135,0.78375,0,0
0.14645,7136,0.784,0,0
0.14645,7137,0.78425,0,0
0.14645,7138,0.7845,0,0
0.14645,7139,0.78475,0,0
0.14645,7140,0.785,0,0
0.14645,7141,0.78525,0,0
0.14645,7142,0.7855,0,0
0.14645,7143,0.78575,0,0
0.14645,7144,0.786,0,0
0.14645,7145,0.78625,0,0
0.14645,7146,0.7865,0,0
0.14645,7147,0.78675,0,0
0.14645,7148,0.787,0,0
0.14645,7149,0.78725,0,0
0.14645,7150,0.7875,0,0
0.14645,7151,0.78775,0,0
0.14645,7152,0.788,0,0
0.14645,7153,0.78825,0,0
0.14645,7154,0.7885,0,0
0.14645,7155,0.78875,0,0
0.14645,7156,0.789,0,0
0.14645,7157,0.78925,0,0
0.14645,7158,0.7895,0,0
0.14645,7159,0.78975,0,0
0.14645,7160,0.79,0,0
0.14645,7161,0.79025,0,0
0.14645,7162,0.7905,0,0
0.14645,7163,0.79075,0,0
0.14645,7164,0.791,0,0
0.14645,7165,0.79125,0,0
0.14645,7166,0.7915,0,0
0.14645,7167,0.79175,0,0
0.14645,7168,0.792,0,0
0.14645,7169,0.79225,0,0
0.14645,7170,0.7925,0,0
0.14645,7171,0.79275,0,0
0.14645,7172,0.793,0,0
0.14645,7173,0.79325,0,0
0.14645,7174,0.7935,0,0
0.14645,7175,0.79375,0,0
0.14645,7176,0.794,0,0
0.14645,7177,0.79425,0,0
0.14645,7178,0.7945,0,0
0.14645,7179,0.79475,0,0
0.14645,7180,0.795,0,0
0.14645,7181,0.79525,0,0
0.14645,7182,0.7955,0,0
0.14645,7183,0.79575,0,0
0.14645,7184,0.796,0,0
0.14645,7185,0.79625,0,0
0.14645,7186,0.7965,0,0
0.14645,7187,0.79675,0,0
0.14645,7188,0.797,0,0
0.14645,7189,0.79725,0,0
0.14645,7190,0.7975,0,0
0.14645,7191,0.79775,0,0
0.14645,7192,0.798,0,0
0.14645,7193,0.79825,0,0
0.14645,7194,0.7985,0,0
0.14645,7195,0.79875,0,0
0.14645,7196,0.799,0,0
0.14645,7197,0.79925,0,0
0.14645,7198,0.7995,0,0
0.14645,7199,0.79975,0,0
0.14645,7200,0.8,0,0
0.14645,7201,0.80025,0,0
0.14645,7202,0.8005,0,0
0.14645,7203,0.80075,0,0
0.14645,7204,0.801,0,0
0.14645,7205,0.80125,0,0
0.14645,7206,0.8015,0,0
0.14645,7207,0.80175,0,0
0.14645,7208,0.802,0,0
0.14645,7209,0.80225,0,0
0.14645,7210,0.8025,0,0
0.14645,7211,0.80275,0,0
0.14645,7212,0.803,0,0
0.14645,7213,0.80325,0,0
0.14645,7214,0.8035,0,0
0.14645,7215,0.80375,0,0
0.14645,7216,0.804,0,0
0.14645,7217,0.80425,0,0
0.14645,7218,0.8045,0,0
0.14645,7219,0.80475,0,0
0.14645,7220,0.805,0,0
0.14645,7221,0.80525,0,0
0.14645,7222,0.8055,0,0
0.14645,7223,0.80575,0,0
0.14645,7224,0.806,0,0
0.14645,7225,0.80625,0,0
0.14645,7226,0.8065,0,0
0.14645,7227,0.80675,0,0
0.14645,7228,0.807,0,0
0.14645,7229,0.80725,0,0
0.14645,7230,0.8075,0,0
0.14645,7231,0.80775,0,0
0.14645,7232,0.808,0,0
0.14645,7233,0.80825,0,0
0.14645,7234,0.8085,0,0
0.14645,7235,0.80875,0,0
0.14645,7236,0.809,0,0
0.14645,7237,0.80925,0,0
0.14645,7238,0.8095,0,0
0.14645,7239,0.80975,0,0
0.14645,7240,0.81,0,0
0.14645,7241,0.81025,0,0
0.14645,7242,0.8105,0,0
0.14645,7243,0.81075,0,0
0.14645,7244,0.811,0,0
0.14645,7245,0.81125,0,0
0.14645,7246,0.8115,0,0
0.14645,7247,0.81175,0,0
0.14645,7248,0.812,0,0
0.14645,7249,0.81225,0,0
0.14645,7250,0.8125,0,0
0.14645,7251,0.81275,0,0
0.14645,7252,0.813,0,0
0.14645,7253,0.81325,0,0
0.14645,7254,0.8135,0,0
0.14645,7255,0.81375,0,0
0.14645,7256,0.814,0,0
0.14645,7257,0.81425,0,0
0.14645,7258,0.8145,0,0
0.14645,7259,0.81475,0,0
0.14645,7260,0.815,0,0
0.14645,7261,0.81525,0,0
0.14645,7262,0.8155,0,0
0.14645,7263,0.81575,0,0
0.14645,7264,0.816,0,0
0.14645,7265,0.81625,0,0
0.14645,7266,0.8165,0,0
0.14645,7267,0.81675,0,0
0.14645,7268,0.817,0,0
0.14645,7269,0.81725,0,0
0.14645,7270,0.8175,0,0
0.14645,7271,0.81775,0,0
0.14645,7272,0.818,0,0
0.14645,7273,0.81825,0,0
0.14645,7274,0.8185,0,0
0.14645,7275,0.81875,0,0
0.14645,7276,0.819,0,0
0.14645,7277,0.81925,0,0
0.14645,7278,0.8195,0,0
0.14645,7279,0.81975,0,0
0.14645,7280,0.82,0,0
0.14645,7281,0.82025,0,0
0.14645,7282,0.8205,0,0
0.14645,7283,0.82075,0,0
0.14645,7284,0.821,0,0
0.14645,7285,0.82125,0,0
0.14645,7286,0.8215,0,0
0.14645,7287,0.82175,0,0
0.14645,7288,0.822,0,0
0.14645,7289,0.82225,0,0
0.14645,7290,0.8225,0,0
0.14645,7291,0.82275,0,0
0.14645,7292,0.823,0,0
0.14645,7293,0.82325,0,0
0.14645,7294,0.8235,0,0
0.14645,7295,0.82375,0,0
0.14645,7296,0.824,0,0
0.14645,7297,0.82425,0,0
0.14645,7298,0.8245,0,0
0.14645,7299,0.82475,0,0
0.14645,7300,0.825,0,0
0.14645,7301,0.82525,0,0
0.14645,7302,0.8255,0,0
0.14645,7303,0.82575,0,0
0.14645,7304,0.826,0,0
0.14645,7305,0.82625,0,0
0.14645,7306,0.8265,0,0
0.14645,7307,0.82675,0,0
0.14645,7308,0.827,0,0
0.14645,7309,0.82725,0,0
0.14645,7310,0.8275,0,0
0.14645,7311,0.82775,0,0
0.14645,7312,0.828,0,0
0.14645,7313,0.82825,0,0
0.14645,7314,0.8285,0,0
0.14645,7315,0.82875,0,0
0.14645,7316,0.829,0,0
0.14645,7317,0.82925,0,0
0.14645,7318,0.8295,0,0
0.14645,7319,0.82975,0,0
0.14645,7320,0.83,0,0
0.14645,7321,0.83025,0,0
0.14645,7322,0.8305,0,0
0.14645,7323,0.83075,0,0
0.14645,7324,0.831,0,0
0.14645,7325,0.83125,0,0
0.14645,7326,0.8315,0,0
0.14645,7327,0.83175,0,0
0.14645,7328,0.832,0,0
0.14645,7329,0.83225,0,0
0.14645,7330,0.8325,0,0
0.14645,7331,0.83275,0,0
0.14645,7332,0.833,0,0
0.14645,7333,0.83325,0,0
0.14645,7334,0.8335,0,0
0.14645,7335,0.83375,0,0
0.14645,7336,0.834,0,0
0.14645,7337,0.83425,0,0
0.14645,7338,0.8345,0,0
0.14645,7339,0.83475,0,0
0.14645,7340,0.835,0,0
0.14645,7341,0.83525,0,0
0.14645,7342,0.8355,0,0
0.14645,7343,0.83575,0,0
0.14645,7344,0.836,0,0
0.14645,7345,0.83625,0,0
0.14645,7346,0.8365,0,0
0.14645,7347,0.83675,0,0
0.14645,7348,0.837,0,0
0.14645,7349,0.83725,0,0
0.14645,7350,0.8375,0,0
0.14645,7351,0.83775,0,0
0.14645,7352,0.838,0,0
0.14645,7353,0.83825,0,0
0.14645,7354,0.8385,0,0
0.14645,7355,0.83875,0,0
0.14645,7356,0.839,0,0
0.14645,7357,0.83925,0,0
0.14645,7358,0.8395,0,0
0.14645,7359,0.83975,0,0
0.14645,7360,0.84,0,0
0.14645,7361,0.84025,0,0
0.14645,7362,0.8405,0,0
0.14645,7363,0.84075,0,0
0.14645,7364,0.841,0,0
0.14645,7365,0.84125,0,0
0.14645,7366,0.8415,0,0
0.14645,7367,0.84175,0,0
0.14645,7368,0.842,0,0
0.14645,7369,0.84225,0,0
0.14645,7370,0.8425,0,0
0.14645,7371,0.84275,0,0
0.14645,7372,0.843,0,0
0.14645,7373,0.84325,0,0
0.14645,7374,0.8435,0,0
0.14645,7375,0.84375,0,0
0.14645,7376,0.844,0,0
0.14645,7377,0.84425,0,0
0.14645,7378,0.8445,0,0
0.14645,7379,0.84475,0,0
0.14645,7380,0.845,0,0
0.14645,7381,0.84525,0,0
0.14645,7382,0.8455,0,0
0.14645,7383,0.84575,0,0
0.14645,7384,0.846,0,0
0.14645,7385,0.84625,0,0
0.14645,7386,0.8465,0,0
0.14645,7387,0.84675,0,0
0.14645,7388,0.847,0,0
0.14645,7389,0.84725,0,0
0.14645,7390,0.8475,0,0
0.14645,7391,0.84775,0,0
0.14645,7392,0.848,0,0
0.14645,7393,0.84825,0,0
0.14645,7394,0.8485,0,0
0.14645,7395,0.84875,0,0
0.14645,7396,0.849,0,0
0.14645,7397,0.84925,0,0
0.14645,7398,0.8495,0,0
0.14645,7399,0.84975,0,0
0.14645,7400,0.85,0,0
0.14645,7401,0.85025,0,0
0.14645,7402,0.8505,0,0
0.14645,7403,0.85075,0,0
0.14645,7404,0.851,0,0
0.14645,7405,0.85125,0,0
0.14645,7406,0.8515,0,0
0.14645,7407,0.85175,0,0
0.14645,7408,0.852,0,0
0.14645,7409,0.85225,0,0
0.14645,7410,0.8525,0,0
0.14645,7411,0.85275,0,0
0.14645,7412,0.853,0,0
0.14645,7413,0.85325,0,0
0.14645,7414,0.8535,0,0
0.14645,7415,0.85375,0,0
0.14645,7416,0.854,0,0
0.14645,7417,0.85425,0,0
0.14645,7418,0.8545,0,0
0.14645,7419,0.85475,0,0
0.14645,7420,0.855,0,0
0.14645,7421,0.85525,0,0
0.14645,7422,0.8555,0,0
0.14645,7423,0.85575,0,0
0.14645,7424,0.856,0,0
0.14645,7425,0.85625,0,0
0.14645,7426,0.8565,0,0
0.14645,7427,0.85675,0,0
0.14645,7428,0.857,0,0
0.14645,7429,0.85725,0,0
0.14645,7430,0.8575,0,0
0.14645,7431,0.85775,0,0
0.14645,7432,0.858,0,0
0.14645,7433,0.85825,0,0
0.14645,7434,0.8585,0,0
0.14645,7435,0.85875,0,0
0.14645,7436,0.859,0,0
0.14645,7437,0.85925,0,0
0.14645,7438,0.8595,0,0
0.14645,7439,0.85975,0,0
0.14645,7440,0.86,0,0
0.14645,7441,0.86025,0,0
0.14645,7442,0.8605,0,0
0.14645,7443,0.86075,0,0
0.14645,7444,0.861,0,0
0.14645,7445,0.86125,0,0
0.14645,7446,0.8615,0,0
0.14645,7447,0.86175,0,0
0.14645,7448,0.862,0,0
0.14645,7449,0.86225,0,0
0.14645,7450,0.8625,0,0
0.14645,7451,0.86275,0,0
0.14645,7452,0.863,0,0
0.14645,7453,0.86325,0,0
0.14645,7454,0.8635,0,0
0.14645,7455,0.86375,0,0
0.14645,7456,0.864,0,0
0.14645,7457,0.86425,0,0
0.14645,7458,0.8645,0,0
0.14645,7459,0.86475,0,0
0.14645,7460,0.865,0,0
0.14645,7461,0.86525,0,0
0.14645,7462,0.8655,0,0
0.14645,7463,0.86575,0,0
0.14645,7464,0.866,0,0
0.14645,7465,0.86625,0,0
0.14645,7466,0.8665,0,0
0.14645,7467,0.86675,0,0
0.14645,7468,0.867,0,0
0.14645,7469,0.86725,0,0
0.14645,7470,0.8675,0,0
0.14645,7471,0.86775,0,0
0.14645,7472,0.868,0,0
0.14645,7473,0.86825,0,0
0.14645,7474,0.8685,0,0
0.14645,7475,0.86875,0,0
0.14645,7476,0.869,0,0
0.14645,7477,0.86925,0,0
0.14645,7478,0.8695,0,0
0.14645,7479,0.86975,0,0
0.14645,7480,0.87,0,0
0.14645,7481,0.87025,0,0
0.14645,7482,0.8705,0,0
0.14645,7483,0.87075,0,0
0.14645,7484,0.871,0,0
0.14645,7485,0.87125,0,0
0.14645,7486,0.8715,0,0
0.14645,7487,0.87175,0,0
0.14645,7488,0.872,0,0
0.14645,7489,0.87225,0,0
0.14645,7490,0.8725,0,0
0.14645,7491,0.87275,0,0
0.14645,7492,0.873,0,0
0.14645,7493,0.87325,0,0
0.14645,7494,0.8735,0,0
0.14645,7495,0.87375,0,0
0.14645,7496,0.874,0,0
0.14645,7497,0.87425,0,0
0.14645,7498,0.8745,0,0
0.14645,7499,0.87475,0,0
0.14645,7500,0.875,0,0
0.14645,7501,0.87525,0,0
0.14645,7502,0.8755,0,0
0.14645,7503,0.87575,0,0
0.14645,7504,0.876,0,0
0.14645,7505,0.87625,0,0
0.14645,7506,0.8765,0,0
0.14645,7507,0.87675,0,0
0.14645,7508,0.877,0,0
0.14645,7509,0.87725,0,0
0.14645,7510,0.8775,0,0
0.14645,7511,0.87775,0,0
0.14645,7512,0.878,0,0
0.14645,7513,0.87825,0,0
0.14645,7514,0.8785,0,0
0.14645,7515,0.87875,0,0
0.14645,7516,0.879,0,0
0.14645,7517,0.87925,0,0
0.14645,7518,0.8795,0,0
0.14645,7519,0.87975,0,0
0.14645,7520,0.88,0,0
0.14645,7521,0.88025,0,0
0.14645,7522,0.8805,0,0
0.14645,7523,0.88075,0,0
0.14645,7524,0.881,0,0
0.14645,7525,0.88125,0,0
0.14645,7526,0.8815,0,0
0.14645,7527,0.88175,0,0
0.14645,7528,0.882,0,0
0.14645,7529,0.88225,0,0
0.14645,7530,0.8825,0,0
0.14645,7531,0.88275,0,0
0.14645,7532,0.883,0,0
0.14645,7533,0.88325,0,0
0.14645,7534,0.8835,0,0
0.14645,7535,0.88375,0,0
0.14645,7536,0.884,0,0
0.14645,7537,0.88425,0,0
0.14645,7538,0.8845,0,0
0.14645,7539,0.88475,0,0
0.14645,7540,0.885,0,0
0.14645,7541,0.88525,0,0
0.14645,7542,0.8855,0,0
0.14645,7543,0.88575,0,0
0.14645,7544,0.886,0,0
0.14645,7545,0.88625,0,0
0.14645,7546,0.8865,0,0
0.14645,7547,0.88675,0,0
0.14645,7548,0.887,0,0
0.14645,7549,0.88725,0,0
0.14645,7550,0.8875,0,0
0.14645,7551,0.88775,0,0
0.14645,7552,0.888,0,0
0.14645,7553,0.88825,0,0
0.14645,7554,0.8885,0,0
0.14645,7555,0.88875,0,0
0.14645,7556,0.889,0,0
0.14645,7557,0.88925,0,0
0.14645,7558,0.8895,0,0
0.14645,7559,0.88975,0,0
0.14645,7560,0.89,0,0
0.14645,7561,0.89025,0,0
0.14645,7562,0.8905,0,0
0.14645,7563,0.89075,0,0
0.14645,7564,0.891,0,0
0.14645,7565,0.89125,0,0
0.14645,7566,0.8915,0,0
0.14645,7567,0.89175,0,0
0.14645,7568,0.892,0,0
0.14645,7569,0.89225,0,0
0.14645,7570,0.8925,0,0
0.14645,7571,0.89275,0,0
0.14645,7572,0.893,0,0
0.14645,7573,0.89325,0,0
0.14645,7574,0.8935,0,0
0.14645,7575,0.89375,0,0
0.14645,7576,0.894,0,0
0.14645,7577,0.89425,0,0
0.14645,7578,0.8945,0,0
0.14645,7579,0.89475,0,0
0.14645,7580,0.895,0,0
0.14645,7581,0.89525,0,0
0.14645,7582,0.8955,0,0
0.14645,7583,0.89575,0,0
0.14645,7584,0.896,0,0
0.14645,7585,0.89625,0,0
0.14645,7586,0.8965,0,0
0.14645,7587,0.89675,0,0
0.14645,7588,0.897,0,0
0.14645,7589,0.89725,0,0
0.14645,7590,0.8975,0,0
0.14645,7591,0.89775,0,0
0.14645,7592,0.898,0,0
0.14645,7593,0.89825,0,0
0.14645,7594,0.8985,0,0
0.14645,7595,0.89875,0,0
0.14645,7596,0.899,0,0
0.14645,7597,0.89925,0,0
0.14645,7598,0.8995,0,0
0.14645,7599,0.89975,0,0
0.14645,7600,0.9,0,0
0.14645,7601,0.90025,0,0
0.14645,7602,0.9005,0,0
0.14645,7603,0.90075,0,0
0.14645,7604,0.901,0,0
0.14645,7605,0.90125,0,0
0.14645,7606,0.9015,0,0
0.14645,7607,0.90175,0,0
0.14645,7608,0.902,0,0
0.14645,7609,0.90225,0,0
0.14645,7610,0.9025,0,0
0.14645,7611,0.90275,0,0
0.14645,7612,0.903,0,0
0.14645,7613,0.90325,0,0
0.14645,7614,0.9035,0,0
0.14645,7615,0.90375,0,0
0.14645,7616,0.904,0,0
0.14645,7617,0.90425,0,0
0.14645,7618,0.9045,0,0
0.14645,7619,0.90475,0,0
0.14645,7620,0.905,0,0
0.14645,7621,0.90525,0,0
0.14645,7622,0.9055,0,0
0.14645,7623,0.90575,0,0
0.14645,7624,0.906,0,0
0.14645,7625,0.90625,0,0
0.14645,7626,0.9065,0,0
0.14645,7627,0.90675,0,0
0.14645,7628,0.907,0,0
0.14645,7629,0.90725,0,0
0.14645,7630,0.9075,0,0
0.14645,7631,0.90775,0,0
0.14645,7632,0.908,0,0
0.14645,7633,0.90825,0,0
0.14645,7634,0.9085,0,0
0.14645,7635,0.90875,0,0
0.14645,7636,0.909,0,0
0.14645,7637,0.90925,0,0
0.14645,7638,0.9095,0,0
0.14645,7639,0.90975,0,0
0.14645,7640,0.91,0,0
0.14645,7641,0.91025,0,0
0.14645,7642,0.9105,0,0
0.14645,7643,0.91075,0,0
0.14645,7644,0.911,0,0
0.14645,7645,0.91125,0,0
0.14645,7646,0.9115,0,0
0.14645,7647,0.91175,0,0
0.14645,7648,0.912,0,0
0.14645,7649,0.91225,0,0
0.14645,7650,0.9125,0,0
0.14645,7651,0.91275,0,0
0.14645,7652,0.913,0,0
0.14645,7653,0.91325,0,0
0.14645,7654,0.9135,0,0
0.14645,7655,0.91375,0,0
0.14645,7656,0.914,0,0
0.14645,7657,0.91425,0,0
0.14645,7658,0.9145,0,0
0.14645,7659,0.91475,0,0
0.14645,7660,0.915,0,0
0.14645,7661,0.91525,0,0
0.14645,7662,0.9155,0,0
0.14645,7663,0.91575,0,0
0.14645,7664,0.916,0,0
0.14645,7665,0.91625,0,0
0.14645,7666,0.9165,0,0
0.14645,7667,0.91675,0,0
0.14645,7668,0.917,0,0
0.14645,7669,0.91725,0,0
0.14645,7670,0.9175,0,0
0.14645,7671,0.91775,0,0
0.14645,7672,0.918,0,0
0.14645,7673,0.91825,0,0
0.14645,7674,0.9185,0,0
0.14645,7675,0.91875,0,0
0.14645,7676,0.919,0,0
0.14645,7677,0.91925,0,0
0.14645,7678,0.9195,0,0
0.14645,7679,0.91975,0,0
0.14645,7680,0.92,0,0
0.14645,7681,0.92025,0,0
0.14645,7682,0.9205,0,0
0.14645,7683,0.92075,0,0
0.14645,7684,0.921,0,0
0.14645,7685,0.92125,0,0
0.14645,7686,0.9215,0,0
0.14645,7687,0.92175,0,0
0.14645,7688,0.922,0,0
0.14645,7689,0.92225,0,0
0.14645,7690,0.9225,0,0
0.14645,7691,0.92275,0,0
0.14645,7692,0.923,0,0
0.14645,7693,0.92325,0,0
0.14645,7694,0.9235,0,0
0.14645,7695,0.92375,0,0
0.14645,7696,0.924,0,0
0.14645,7697,0.92425,0,0
0.14645,7698,0.9245,0,0
0.14645,7699,0.92475,0,0
0.14645,7700,0.925,0,0
0.14645,7701,0.92525,0,0
0.14645,7702,0.9255,0,0
0.14645,7703,0.92575,0,0
0.14645,7704,0.926,0,0
0.14645,7705,0.92625,0,0
0.14645,7706,0.9265,0,0
0.14645,7707,0.92675,0,0
0.14645,7708,0.927,0,0
0.14645,7709,0.92725,0,0
0.14645,7710,0.9275,0,0
0.14645,7711,0.92775,0,0
0.14645,7712,0.928,0,0
0.14645,7713,0.92825,0,0
0.14645,7714,0.9285,0,0
0.14645,7715,0.92875,0,0
0.14645,7716,0.929,0,0
0.14645,7717,0.92925,0,0
0.14645,7718,0.9295,0,0
0.14645,7719,0.92975,0,0
0.14645,7720,0.93,0,0
0.14645,7721,0.93025,0,0
0.14645,7722,0.9305,0,0
0.14645,7723,0.93075,0,0
0.14645,7724,0.931,0,0
0.14645,7725,0.93125,0,0
0.14645,7726,0.9315,0,0
0.14645,7727,0.93175,0,0
0.14645,7728,0.932,0,0
0.14645,7729,0.93225,0,0
0.14645,7730,0.9325,0,0
0.14645,7731,0.93275,0,0
0.14645,7732,0.933,0,0
0.14645,7733,0.93325,0,0
0.14645,7734,0.9335,0,0
0.14645,7735,0.93375,0,0
0.14645,7736,0.934,0,0
0.14645,7737,0.93425,0,0
0.14645,7738,0.9345,0,0
0.14645,7739,0.93475,0,0
0.14645,7740,0.935,0,0
0.14645,7741,0.93525,0,0
0.14645,7742,0.9355,0,0
0.14645,7743,0.93575,0,0
0.14645,7744,0.936,0,0
0.14645,7745,0.93625,0,0
0.14645,7746,0.9365,0,0
0.14645,7747,0.93675,0,0
0.14645,7748,0.937,0,0
0.14645,7749,0.93725,0,0
0.14645,7750,0.9375,0,0
0.14645,7751,0.93775,0,0
0.14645,7752,0.938,0,0
0.14645,7753,0.93825,0,0
0.14645,7754,0.9385,0,0
0.14645,7755,0.93875,0,0
0.14645,7756,0.939,0,0
0.14645,7757,0.93925,0,0
0.14645,7758,0.9395,0,0
0.14645,7759,0.93975,0,0
0.14645,7760,0.94,0,0
0.14645,7761,0.94025,0,0
0.14645,7762,0.9405,0,0
0.14645,7763,0.94075,0,0
0.14645,7764,0.941,0,0
0.14645,7765,0.94125,0,0
0.14645,7766,0.9415,0,0
0.14645,7767,0.94175,0,0
0.14645,7768,0.942,0,0
0.14645,7769,0.94225,0,0
0.14645,7770,0.9425,0,0
0.14645,7771,0.94275,0,0
0.14645,7772,0.943,0,0
0.14645,7773,0.94325,0,0
0.14645,7774,0.9435,0,0
0.14645,7775,0.94375,0,0
0.14645,7776,0.944,0,0
0.14645,7777,0.94425,0,0
0.14645,7778,0.9445,0,0
0.14645,7779,0.94475,0,0
0.14645,7780,0.945,0,0
0.14645,7781,0.94525,0,0
0.14645,7782,0.9455,0,0
0.14645,7783,0.94575,0,0
0.14645,7784,0.946,0,0
0.14645,7785,0.94625,0,0
0.14645,7786,0.9465,0,0
0.14645,7787,0.94675,0,0
0.14645,7788,0.947,0,0
0.14645,7789,0.94725,0,0
0.14645,7790,0.9475,0,0
0.14645,7791,0.94775,0,0
0.14645,7792,0.948,0,0
0.14645,7793,0.94825,0,0
0.14645,7794,0.9485,0,0
0.14645,7795,0.94875,0,0
0.14645,7796,0.949,0,0
0.14645,7797,0.94925,0,0
0.14645,7798,0.9495,0,0
0.14645,7799,0.94975,0,0
0.14645,7800,0.95,0,0
0.14645,7801,0.95025,0,0
0.14645,7802,0.9505,0,0
0.14645,7803,0.95075,0,0
0.14645,7804,0.951,0,0
0.14645,7805,0.95125,0,0
0.14645,7806,0.9515,0,0
0.14645,7807,0.95175,0,0
0.14645,7808,0.952,0,0
0.14645,7809,0.95225,0,0
0.14645,7810,0.9525,0,0
0.14645,7811,0.95275,0,0
0.14645,7812,0.953,0,0
0.14645,7813,0.95325,0,0
0.14645,7814,0.9535,0,0
0.14645,7815,0.95375,0,0
0.14645,7816,0.954,0,0
0.14645,7817,0.95425,0,0
0.14645,7818,0.9545,0,0
0.14645,7819,0.95475,0,0
0.14645,7820,0.955,0,0
0.14645,7821,0.95525,0,0
0.14645,7822,0.9555,0,0
0.14645,7823,0.95575,0,0
0.14645,7824,0.956,0,0
0.14645,7825,0.95625,0,0
0.14645,7826,0.9565,0,0
0.14645,7827,0.95675,0,0
0.14645,7828,0.957,0,0
0.14645,7829,0.95725,0,0
0.14645,7830,0.9575,0,0
0.14645,7831,0.95775,0,0
0.14645,7832,0.958,0,0
0.14645,7833,0.95825,0,0
0.14645,7834,0.9585,0,0
0.14645,7835,0.95875,0,0
0.14645,7836,0.959,0,0
0.14645,7837,0.95925,0,0
0.14645,7838,0.9595,0,0
0.14645,7839,0.95975,0,0
0.14645,7840,0.96,0,0
0.14645,7841,0.96025,0,0
0.14645,7842,0.9605,0,0
0.14645,7843,0.96075,0,0
0.14645,7844,0.961,0,0
0.14645,7845,0.96125,0,0
0.14645,7846,0.9615,0,0
0.14645,7847,0.96175,0,0
0.14645,7848,0.962,0,0
0.14645,7849,0.96225,0,0
0.14645,7850,0.9625,0,0
0.14645,7851,0.96275,0,0
0.14645,7852,0.963,0,0
0.14645,7853,0.96325,0,0
0.14645,7854,0.9635,0,0
0.14645,7855,0.96375,0,0
0.14645,7856,0.964,0,0
0.14645,7857,0.96425,0,0
0.14645,7858,0.9645,0,0
0.14645,7859,0.96475,0,0
0.14645,7860,0.965,0,0
0.14645,7861,0.96525,0,0
0.14645,7862,0.9655,0,0
0.14645,7863,0.96575,0,0
0.14645,7864,0.966,0,0
0.14645,7865,0.96625,0,0
0.14645,7866,0.9665,0,0
0.14645,7867,0.96675,0,0
0.14645,7868,0.967,0,0
0.14645,7869,0.96725,0,0
0.14645,7870,0.9675,0,0
0.14645,7871,0.96775,0,0
0.14645,7872,0.968,0,0
0.14645,7873,0.96825,0,0
0.14645,7874,0.9685,0,0
0.14645,7875,0.96875,0,0
0.14645,7876,0.969,0,0
0.14645,7877,0.96925,0,0
0.14645,7878,0.9695,0,0
0.14645,7879,0.96975,0,0
0.14645,7880,0.97,0,0
0.14645,7881,0.97025,0,0
0.14645,7882,0.9705,0,0
0.14645,7883,0.97075,0,0
0.14645,7884,0.971,0,0
0.14645,7885,0.97125,0,0
0.14645,7886,0.9715,0,0
0.14645,7887,0.97175,0,0
0.14645,7888,0.972,0,0
0.14645,7889,0.97225,0,0
0.14645,7890,0.9725,0,0
0.14645,7891,0.97275,0,0
0.14645,7892,0.973,0,0
0.14645,7893,0.97325,0,0
0.14645,7894,0.9735,0,0
0.14645,7895,0.97375,0,0
0.14645,7896,0.974,0,0
0.14645,7897,0.97425,0,0
0.14645,7898,0.9745,0,0
0.14645,7899,0.97475,0,0
0.14645,7900,0.975,0,0
0.14645,7901,0.97525,0,0
0.14645,7902,0.9755,0,0
0.14645,7903,0.97575,0,0
0.14645,7904,0.976,0,0
0.14645,7905,0.97625,0,0
0.14645,7906,0.9765,0,0
0.14645,7907,0.97675,0,0
0.14645,7908,0.977,0,0
0.14645,7909,0.97725,0,0
0.14645,7910,0.9775,0,0
0.14645,7911,0.97775,0,0
0.14645,7912,0.978,0,0
0.14645,7913,0.97825,0,0
0.14645,7914,0.9785,0,0
0.14645,7915,0.97875,0,0
0.14645,7916,0.979,0,0
0.14645,7917,0.97925,0,0
0.14645,7918,0.9795,0,0
0.14645,7919,0.97975,0,0
0.14645,7920,0.98,0,0
0.14645,7921,0.98025,0,0
0.14645,7922,0.9805,0,0
0.14645,7923,0.98075,0,0
0.14645,7924,0.981,0,0
0.14645,7925,0.98125,0,0
0.14645,7926,0.9815,0,0
0.14645,7927,0.98175,0,0
0.14645,7928,0.982,0,0
0.14645,7929,0.98225,0,0
0.14645,7930,0.9825,0,0
0.14645,7931,0.98275,0,0
0.14645,7932,0.983,0,0
0.14645,7933,0.98325,0,0
0.14645,7934,0.9835,0,0
0.14645,7935,0.98375,0,0
0.14645,7936,0.984,0,0
0.14645,7937,0.98425,0,0
0.14645,7938,0.9845,0,0
0.14645,7939,0.98475,0,0
0.14645,7940,0.985,0,0
0.14645,7941,0.98525,0,0
0.14645,7942,0.9855,0,0
0.14645,7943,0.98575,0,0
0.14645,7944,0.986,0,0
0.14645,7945,0.98625,0,0
0.14645,7946,0.9865,0,0
0.14645,7947,0.98675,0,0
0.14645,7948,0.987,0,0
0.14645,7949,0.98725,0,0
0.14645,7950,0.9875,0,0
0.14645,7951,0.98775,0,0
0.14645,7952,0.988,0,0
0.14645,7953,0.98825,0,0
0.14645,7954,0.9885,0,0
0.14645,7955,0.98875,0,0
0.14645,7956,0.989,0,0
0.14645,7957,0.98925,0,0
0.14645,7958,0.9895,0,0
0.14645,7959,0.98975,0,0
0.14645,7960,0.99,0,0
0.14645,7961,0.99025,0,0
0.14645,7962,0.9905,0,0
0.14645,7963,0.99075,0,0
0.14645,7964,0.991,0,0
0.14645,7965,0.99125,0,0
0.14645,7966,0.9915,0,0
0.14645,7967,0.99175,0,0
0.14645,7968,0.992,0,0
0.14645,7969,0.99225,0,0
0.14645,7970,0.9925,0,0
0.14645,7971,0.99275,0,0
0.14645,7972,0.993,0,0
0.14645,7973,0.99325,0,0
0.14645,7974,0.9935,0,0
0.14645,7975,0.99375,0,0
0.14645,7976,0.994,0,0
0.14645,7977,0.99425,0,0
0.14645,7978,0.9945,0,0
0.14645,7979,0.99475,0,0
0.14645,7980,0.995,0,0
0.14645,7981,0.99525,0,0
0.14645,7982,0.9955,0,0
0.14645,7983,0.99575,0,0
0.14644999999998,7984,0.996,0,0
0.14645000000011,7985,0.99625,0,0
0.14644999999937,7986,0.9965,0,0
0.14645000000347,7987,0.99675,0,0
0.14644999998088,7988,0.997,0,0
0.14645000010541,7989,0.99725,0,0
0.14644999941899,7990,0.9975,0,0
0.14645000320243,7991,0.99775,0,0
0.14644998234876,7992,0.998,0,0
0.1464500972904,7993,0.99825,0,0
0.14644946375279,7994,0.9985,0,0
0.14645295569126,7995,0.99875,0,0
0.14643370858593,7996,0.999,0,0
0.14653978982849,7997,0.99925,0,0
0.14595492763979,7998,0.9995,0,0
0.14917374406821,7999,0.99975,0,0
0.13127205499299,8000,1,0,0
