cn_ODE,id,x,y,z
0,4000,0.000125,0,0
0,4001,0.000375,0,0
0,4002,0.000625,0,0
0,4003,0.000875,0,0
0,4004,0.001125,0,0
0,4005,0.001375,0,0
0,4006,0.001625,0,0
0,4007,0.001875,0,0
0,4008,0.002125,0,0
0,4009,0.002375,0,0
0,4010,0.002625,0,0
0,4011,0.002875,0,0
0,4012,0.003125,0,0
0,4013,0.003375,0,0
0,4014,0.003625,0,0
0,4015,0.003875,0,0
0,4016,0.004125,0,0
0,4017,0.004375,0,0
0,4018,0.004625,0,0
0,4019,0.004875,0,0
0,4020,0.005125,0,0
0,4021,0.005375,0,0
0,4022,0.005625,0,0
0,4023,0.005875,0,0
0,4024,0.006125,0,0
0,4025,0.006375,0,0
0,4026,0.006625,0,0
0,4027,0.006875,0,0
0,4028,0.007125,0,0
0,4029,0.007375,0,0
0,4030,0.007625,0,0
0,4031,0.007875,0,0
0,4032,0.008125,0,0
0,4033,0.008375,0,0
0,4034,0.008625,0,0
0,4035,0.008875,0,0
0,4036,0.009125,0,0
0,4037,0.009375,0,0
0,4038,0.009625,0,0
0,4039,0.009875,0,0
0,4040,0.010125,0,0
0,4041,0.010375,0,0
0,4042,0.010625,0,0
0,4043,0.010875,0,0
0,4044,0.011125,0,0
0,4045,0.011375,0,0
0,4046,0.011625,0,0
0,4047,0.011875,0,0
0,4048,0.012125,0,0
0,4049,0.012375,0,0
0,4050,0.012625,0,0
0,4051,0.012875,0,0
0,4052,0.013125,0,0
0,4053,0.013375,0,0
0,4054,0.013625,0,0
0,4055,0.013875,0,0
0,4056,0.014125,0,0
0,4057,0.014375,0,0
0,4058,0.014625,0,0
0,4059,0.014875,0,0
0,4060,0.015125,0,0
0,4061,0.015375,0,0
0,4062,0.015625,0,0
0,4063,0.015875,0,0
0,4064,0.016125,0,0
0,4065,0.016375,0,0
0,4066,0.016625,0,0
0,4067,0.016875,0,0
0,4068,0.017125,0,0
0,4069,0.017375,0,0
0,4070,0.017625,0,0
0,4071,0.017875,0,0
0,4072,0.018125,0,0
0,4073,0.018375,0,0
0,4074,0.018625,0,0
0,4075,0.018875,0,0
0,4076,0.019125,0,0
0,4077,0.019375,0,0
0,4078,0.019625,0,0
0,4079,0.019875,0,0
0,4080,0.020125,0,0
0,4081,0.020375,0,0
0,4082,0.020625,0,0
0,4083,0.020875,0,0
0,4084,0.021125,0,0
0,4085,0.021375,0,0
0,4086,0.021625,0,0
0,4087,0.021875,0,0
0,4088,0.022125,0,0
0,4089,0.022375,0,0
0,4090,0.022625,0,0
0,4091,0.022875,0,0
0,4092,0.023125,0,0
0,4093,0.023375,0,0
0,4094,0.023625,0,0
0,4095,0.023875,0,0
0,4096,0.024125,0,0
0,4097,0.024375,0,0
0,4098,0.024625,0,0
0,4099,0.024875,0,0
0,4100,0.025125,0,0
0,4101,0.025375,0,0
0,4102,0.025625,0,0
0,4103,0.025875,0,0
0,4104,0.026125,0,0
0,4105,0.026375,0,0
0,4106,0.026625,0,0
0,4107,0.026875,0,0
0,4108,0.027125,0,0
0,4109,0.027375,0,0
0,4110,0.027625,0,0
0,4111,0.027875,0,0
0,4112,0.028125,0,0
0,4113,0.028375,0,0
0,4114,0.028625,0,0
0,4115,0.028875,0,0
0,4116,0.029125,0,0
0,4117,0.029375,0,0
0,4118,0.029625,0,0
0,4119,0.029875,0,0
0,4120,0.030125,0,0
0,4121,0.030375,0,0
0,4122,0.030625,0,0
0,4123,0.030875,0,0
0,4124,0.031125,0,0
0,4125,0.031375,0,0
0,4126,0.031625,0,0
0,4127,0.031875,0,0
0,4128,0.032125,0,0
0,4129,0.032375,0,0
0,4130,0.032625,0,0
0,4131,0.032875,0,0
0,4132,0.033125,0,0
0,4133,0.033375,0,0
0,4134,0.033625,0,0
0,4135,0.033875,0,0
0,4136,0.034125,0,0
0,4137,0.034375,0,0
0,4138,0.034625,0,0
0,4139,0.034875,0,0
0,4140,0.035125,0,0
0,4141,0.035375,0,0
0,4142,0.035625,0,0
0,4143,0.035875,0,0
0,4144,0.036125,0,0
0,4145,0.036375,0,0
0,4146,0.036625,0,0
0,4147,0.036875,0,0
0,4148,0.037125,0,0
0,4149,0.037375,0,0
0,4150,0.037625,0,0
0,4151,0.037875,0,0
0,4152,0.038125,0,0
0,4153,0.038375,0,0
0,4154,0.038625,0,0
0,4155,0.038875,0,0
0,4156,0.039125,0,0
0,4157,0.039375,0,0
0,4158,0.039625,0,0
0,4159,0.039875,0,0
0,4160,0.040125,0,0
0,4161,0.040375,0,0
0,4162,0.040625,0,0
0,4163,0.040875,0,0
0,4164,0.041125,0,0
0,4165,0.041375,0,0
0,4166,0.041625,0,0
0,4167,0.041875,0,0
0,4168,0.042125,0,0
0,4169,0.042375,0,0
0,4170,0.042625,0,0
0,4171,0.042875,0,0
0,4172,0.043125,0,0
0,4173,0.043375,0,0
0,4174,0.043625,0,0
0,4175,0.043875,0,0
0,4176,0.044125,0,0
0,4177,0.044375,0,0
0,4178,0.044625,0,0
0,4179,0.044875,0,0
0,4180,0.045125,0,0
0,4181,0.045375,0,0
0,4182,0.045625,0,0
0,4183,0.045875,0,0
0,4184,0.046125,0,0
0,4185,0.046375,0,0
0,4186,0.046625,0,0
0,4187,0.046875,0,0
0,4188,0.047125,0,0
0,4189,0.047375,0,0
0,4190,0.047625,0,0
0,4191,0.047875,0,0
0,4192,0.048125,0,0
0,4193,0.048375,0,0
0,4194,0.048625,0,0
0,4195,0.048875,0,0
0,4196,0.049125,0,0
0,4197,0.049375,0,0
0,4198,0.049625,0,0
0,4199,0.049875,0,0
0,4200,0.050125,0,0
0,4201,0.050375,0,0
0,4202,0.050625,0,0
0,4203,0.050875,0,0
0,4204,0.051125,0,0
0,4205,0.051375,0,0
0,4206,0.051625,0,0
0,4207,0.051875,0,0
0,4208,0.052125,0,0
0,4209,0.052375,0,0
0,4210,0.052625,0,0
0,4211,0.052875,0,0
0,4212,0.053125,0,0
0,4213,0.053375,0,0
0,4214,0.053625,0,0
0,4215,0.053875,0,0
0,4216,0.054125,0,0
0,4217,0.054375,0,0
0,4218,0.054625,0,0
0,4219,0.054875,0,0
0,4220,0.055125,0,0
0,4221,0.055375,0,0
0,4222,0.055625,0,0
0,4223,0.055875,0,0
0,4224,0.056125,0,0
0,4225,0.056375,0,0
0,4226,0.056625,0,0
0,4227,0.056875,0,0
0,4228,0.057125,0,0
0,4229,0.057375,0,0
0,4230,0.057625,0,0
0,4231,0.057875,0,0
0,4232,0.058125,0,0
0,4233,0.058375,0,0
0,4234,0.058625,0,0
0,4235,0.058875,0,0
0,4236,0.059125,0,0
0,4237,0.059375,0,0
0,4238,0.059625,0,0
0,4239,0.059875,0,0
0,4240,0.060125,0,0
0,4241,0.060375,0,0
0,4242,0.060625,0,0
0,4243,0.060875,0,0
0,4244,0.061125,0,0
0,4245,0.061375,0,0
0,4246,0.061625,0,0
0,4247,0.061875,0,0
0,4248,0.062125,0,0
0,4249,0.062375,0,0
0,4250,0.062625,0,0
0,4251,0.062875,0,0
0,4252,0.063125,0,0
0,4253,0.063375,0,0
0,4254,0.063625,0,0
0,4255,0.063875,0,0
0,4256,0.064125,0,0
0,4257,0.064375,0,0
0,4258,0.064625,0,0
0,4259,0.064875,0,0
0,4260,0.065125,0,0
0,4261,0.065375,0,0
0,4262,0.065625,0,0
0,4263,0.065875,0,0
0,4264,0.066125,0,0
0,4265,0.066375,0,0
0,4266,0.066625,0,0
0,4267,0.066875,0,0
0,4268,0.067125,0,0
0,4269,0.067375,0,0
0,4270,0.067625,0,0
0,4271,0.067875,0,0
0,4272,0.068125,0,0
0,4273,0.068375,0,0
0,4274,0.068625,0,0
0,4275,0.068875,0,0
0,4276,0.069125,0,0
0,4277,0.069375,0,0
0,4278,0.069625,0,0
0,4279,0.069875,0,0
0,4280,0.070125,0,0
0,4281,0.070375,0,0
0,4282,0.070625,0,0
0,4283,0.070875,0,0
0,4284,0.071125,0,0
0,4285,0.071375,0,0
0,4286,0.071625,0,0
0,4287,0.071875,0,0
0,4288,0.072125,0,0
0,4289,0.072375,0,0
0,4290,0.072625,0,0
0,4291,0.072875,0,0
0,4292,0.073125,0,0
0,4293,0.073375,0,0
0,4294,0.073625,0,0
0,4295,0.073875,0,0
0,4296,0.074125,0,0
0,4297,0.074375,0,0
0,4298,0.074625,0,0
0,4299,0.074875,0,0
0,4300,0.075125,0,0
0,4301,0.075375,0,0
0,4302,0.075625,0,0
0,4303,0.075875,0,0
0,4304,0.076125,0,0
0,4305,0.076375,0,0
0,4306,0.076625,0,0
0,4307,0.076875,0,0
0,4308,0.077125,0,0
0,4309,0.077375,0,0
0,4310,0.077625,0,0
0,4311,0.077875,0,0
0,4312,0.078125,0,0
0,4313,0.078375,0,0
0,4314,0.078625,0,0
0,4315,0.078875,0,0
0,4316,0.079125,0,0
0,4317,0.079375,0,0
0,4318,0.079625,0,0
0,4319,0.079875,0,0
0,4320,0.080125,0,0
0,4321,0.080375,0,0
0,4322,0.080625,0,0
0,4323,0.080875,0,0
0,4324,0.081125,0,0
0,4325,0.081375,0,0
0,4326,0.081625,0,0
0,4327,0.081875,0,0
0,4328,0.082125,0,0
0,4329,0.082375,0,0
0,4330,0.082625,0,0
0,4331,0.082875,0,0
0,4332,0.083125,0,0
0,4333,0.083375,0,0
0,4334,0.083625,0,0
0,4335,0.083875,0,0
0,4336,0.084125,0,0
0,4337,0.084375,0,0
0,4338,0.084625,0,0
0,4339,0.084875,0,0
0,4340,0.085125,0,0
0,4341,0.085375,0,0
0,4342,0.085625,0,0
0,4343,0.085875,0,0
0,4344,0.086125,0,0
0,4345,0.086375,0,0
0,4346,0.086625,0,0
0,4347,0.086875,0,0
0,4348,0.087125,0,0
0,4349,0.087375,0,0
0,4350,0.087625,0,0
0,4351,0.087875,0,0
0,4352,0.088125,0,0
0,4353,0.088375,0,0
0,4354,0.088625,0,0
0,4355,0.088875,0,0
0,4356,0.089125,0,0
0,4357,0.089375,0,0
0,4358,0.089625,0,0
0,4359,0.089875,0,0
0,4360,0.090125,0,0
0,4361,0.090375,0,0
0,4362,0.090625,0,0
0,4363,0.090875,0,0
0,4364,0.091125,0,0
0,4365,0.091375,0,0
0,4366,0.091625,0,0
0,4367,0.091875,0,0
0,4368,0.092125,0,0
0,4369,0.092375,0,0
0,4370,0.092625,0,0
0,4371,0.092875,0,0
0,4372,0.093125,0,0
0,4373,0.093375,0,0
0,4374,0.093625,0,0
0,4375,0.093875,0,0
0,4376,0.094125,0,0
0,4377,0.094375,0,0
0,4378,0.094625,0,0
0,4379,0.094875,0,0
0,4380,0.095125,0,0
0,4381,0.095375,0,0
0,4382,0.095625,0,0
0,4383,0.095875,0,0
0,4384,0.096125,0,0
0,4385,0.096375,0,0
0,4386,0.096625,0,0
0,4387,0.096875,0,0
0,4388,0.097125,0,0
0,4389,0.097375,0,0
0,4390,0.097625,0,0
0,4391,0.097875,0,0
0,4392,0.098125,0,0
0,4393,0.098375,0,0
0,4394,0.098625,0,0
0,4395,0.098875,0,0
0,4396,0.099125,0,0
0,4397,0.099375,0,0
0,4398,0.099625,0,0
0,4399,0.099875,0,0
0,4400,0.100125,0,0
0,4401,0.100375,0,0
0,4402,0.100625,0,0
0,4403,0.100875,0,0
0,4404,0.101125,0,0
0,4405,0.101375,0,0
0,4406,0.101625,0,0
0,4407,0.101875,0,0
0,4408,0.102125,0,0
0,4409,0.102375,0,0
0,4410,0.102625,0,0
0,4411,0.102875,0,0
0,4412,0.103125,0,0
0,4413,0.103375,0,0
0,4414,0.103625,0,0
0,4415,0.103875,0,0
0,4416,0.104125,0,0
0,4417,0.104375,0,0
0,4418,0.104625,0,0
0,4419,0.104875,0,0
0,4420,0.105125,0,0
0,4421,0.105375,0,0
0,4422,0.105625,0,0
0,4423,0.105875,0,0
0,4424,0.106125,0,0
0,4425,0.106375,0,0
0,4426,0.106625,0,0
0,4427,0.106875,0,0
0,4428,0.107125,0,0
0,4429,0.107375,0,0
0,4430,0.107625,0,0
0,4431,0.107875,0,0
0,4432,0.108125,0,0
0,4433,0.108375,0,0
0,4434,0.108625,0,0
0,4435,0.108875,0,0
0,4436,0.109125,0,0
0,4437,0.109375,0,0
0,4438,0.109625,0,0
0,4439,0.109875,0,0
0,4440,0.110125,0,0
0,4441,0.110375,0,0
0,4442,0.110625,0,0
0,4443,0.110875,0,0
0,4444,0.111125,0,0
0,4445,0.111375,0,0
0,4446,0.111625,0,0
0,4447,0.111875,0,0
0,4448,0.112125,0,0
0,4449,0.112375,0,0
0,4450,0.112625,0,0
0,4451,0.112875,0,0
0,4452,0.113125,0,0
0,4453,0.113375,0,0
0,4454,0.113625,0,0
0,4455,0.113875,0,0
0,4456,0.114125,0,0
0,4457,0.114375,0,0
0,4458,0.114625,0,0
0,4459,0.114875,0,0
0,4460,0.115125,0,0
0,4461,0.115375,0,0
0,4462,0.115625,0,0
0,4463,0.115875,0,0
0,4464,0.116125,0,0
0,4465,0.116375,0,0
0,4466,0.116625,0,0
0,4467,0.116875,0,0
0,4468,0.117125,0,0
0,4469,0.117375,0,0
0,4470,0.117625,0,0
0,4471,0.117875,0,0
0,4472,0.118125,0,0
0,4473,0.118375,0,0
0,4474,0.118625,0,0
0,4475,0.118875,0,0
0,4476,0.119125,0,0
0,4477,0.119375,0,0
0,4478,0.119625,0,0
0,4479,0.119875,0,0
0,4480,0.120125,0,0
0,4481,0.120375,0,0
0,4482,0.120625,0,0
0,4483,0.120875,0,0
0,4484,0.121125,0,0
0,4485,0.121375,0,0
0,4486,0.121625,0,0
0,4487,0.121875,0,0
0,4488,0.122125,0,0
0,4489,0.122375,0,0
0,4490,0.122625,0,0
0,4491,0.122875,0,0
0,4492,0.123125,0,0
0,4493,0.123375,0,0
0,4494,0.123625,0,0
0,4495,0.123875,0,0
0,4496,0.124125,0,0
0,4497,0.124375,0,0
0,4498,0.124625,0,0
0,4499,0.124875,0,0
0,4500,0.125125,0,0
0,4501,0.125375,0,0
0,4502,0.125625,0,0
0,4503,0.125875,0,0
0,4504,0.126125,0,0
0,4505,0.126375,0,0
0,4506,0.126625,0,0
0,4507,0.126875,0,0
0,4508,0.127125,0,0
0,4509,0.127375,0,0
0,4510,0.127625,0,0
0,4511,0.127875,0,0
0,4512,0.128125,0,0
0,4513,0.128375,0,0
0,4514,0.128625,0,0
0,4515,0.128875,0,0
0,4516,0.129125,0,0
0,4517,0.129375,0,0
0,4518,0.129625,0,0
0,4519,0.129875,0,0
0,4520,0.130125,0,0
0,4521,0.130375,0,0
0,4522,0.130625,0,0
0,4523,0.130875,0,0
0,4524,0.131125,0,0
0,4525,0.131375,0,0
0,4526,0.131625,0,0
0,4527,0.131875,0,0
0,4528,0.132125,0,0
0,4529,0.132375,0,0
0,4530,0.132625,0,0
0,4531,0.132875,0,0
0,4532,0.133125,0,0
0,4533,0.133375,0,0
0,4534,0.133625,0,0
0,4535,0.133875,0,0
0,4536,0.134125,0,0
0,4537,0.134375,0,0
0,4538,0.134625,0,0
0,4539,0.134875,0,0
0,4540,0.135125,0,0
0,4541,0.135375,0,0
0,4542,0.135625,0,0
0,4543,0.135875,0,0
0,4544,0.136125,0,0
0,4545,0.136375,0,0
0,4546,0.136625,0,0
0,4547,0.136875,0,0
0,4548,0.137125,0,0
0,4549,0.137375,0,0
0,4550,0.137625,0,0
0,4551,0.137875,0,0
0,4552,0.138125,0,0
0,4553,0.138375,0,0
0,4554,0.138625,0,0
0,4555,0.138875,0,0
0,4556,0.139125,0,0
0,4557,0.139375,0,0
0,4558,0.139625,0,0
0,4559,0.139875,0,0
0,4560,0.140125,0,0
0,4561,0.140375,0,0
0,4562,0.140625,0,0
0,4563,0.140875,0,0
0,4564,0.141125,0,0
0,4565,0.141375,0,0
0,4566,0.141625,0,0
0,4567,0.141875,0,0
0,4568,0.142125,0,0
0,4569,0.142375,0,0
0,4570,0.142625,0,0
0,4571,0.142875,0,0
0,4572,0.143125,0,0
0,4573,0.143375,0,0
0,4574,0.143625,0,0
0,4575,0.143875,0,0
0,4576,0.144125,0,0
0,4577,0.144375,0,0
0,4578,0.144625,0,0
0,4579,0.144875,0,0
0,4580,0.145125,0,0
0,4581,0.145375,0,0
0,4582,0.145625,0,0
0,4583,0.145875,0,0
0,4584,0.146125,0,0
0,4585,0.146375,0,0
0,4586,0.146625,0,0
0,4587,0.146875,0,0
0,4588,0.147125,0,0
0,4589,0.147375,0,0
0,4590,0.147625,0,0
0,4591,0.147875,0,0
0,4592,0.148125,0,0
0,4593,0.148375,0,0
0,4594,0.148625,0,0
0,4595,0.148875,0,0
0,4596,0.149125,0,0
0,4597,0.149375,0,0
0,4598,0.149625,0,0
0,4599,0.149875,0,0
0,4600,0.150125,0,0
0,4601,0.150375,0,0
0,4602,0.150625,0,0
0,4603,0.150875,0,0
0,4604,0.151125,0,0
0,4605,0.151375,0,0
0,4606,0.151625,0,0
0,4607,0.151875,0,0
0,4608,0.152125,0,0
0,4609,0.152375,0,0
0,4610,0.152625,0,0
0,4611,0.152875,0,0
0,4612,0.153125,0,0
0,4613,0.153375,0,0
0,4614,0.153625,0,0
0,4615,0.153875,0,0
0,4616,0.154125,0,0
0,4617,0.154375,0,0
0,4618,0.154625,0,0
0,4619,0.154875,0,0
0,4620,0.155125,0,0
0,4621,0.155375,0,0
0,4622,0.155625,0,0
0,4623,0.155875,0,0
0,4624,0.156125,0,0
0,4625,0.156375,0,0
0,4626,0.156625,0,0
0,4627,0.156875,0,0
0,4628,0.157125,0,0
0,4629,0.157375,0,0
0,4630,0.157625,0,0
0,4631,0.157875,0,0
0,4632,0.158125,0,0
0,4633,0.158375,0,0
0,4634,0.158625,0,0
0,4635,0.158875,0,0
0,4636,0.159125,0,0
0,4637,0.159375,0,0
0,4638,0.159625,0,0
0,4639,0.159875,0,0
0,4640,0.160125,0,0
0,4641,0.160375,0,0
0,4642,0.160625,0,0
0,4643,0.160875,0,0
0,4644,0.161125,0,0
0,4645,0.161375,0,0
0,4646,0.161625,0,0
0,4647,0.161875,0,0
0,4648,0.162125,0,0
0,4649,0.162375,0,0
0,4650,0.162625,0,0
0,4651,0.162875,0,0
0,4652,0.163125,0,0
0,4653,0.163375,0,0
0,4654,0.163625,0,0
0,4655,0.163875,0,0
0,4656,0.164125,0,0
0,4657,0.164375,0,0
0,4658,0.164625,0,0
0,4659,0.164875,0,0
0,4660,0.165125,0,0
0,4661,0.165375,0,0
0,4662,0.165625,0,0
0,4663,0.165875,0,0
0,4664,0.166125,0,0
0,4665,0.166375,0,0
0,4666,0.166625,0,0
0,4667,0.166875,0,0
0,4668,0.167125,0,0
0,4669,0.167375,0,0
0,4670,0.167625,0,0
0,4671,0.167875,0,0
0,4672,0.168125,0,0
0,4673,0.168375,0,0
0,4674,0.168625,0,0
0,4675,0.168875,0,0
0,4676,0.169125,0,0
0,4677,0.169375,0,0
0,4678,0.169625,0,0
0,4679,0.169875,0,0
0,4680,0.170125,0,0
0,4681,0.170375,0,0
0,4682,0.170625,0,0
0,4683,0.170875,0,0
0,4684,0.171125,0,0
0,4685,0.171375,0,0
0,4686,0.171625,0,0
0,4687,0.171875,0,0
0,4688,0.172125,0,0
0,4689,0.172375,0,0
0,4690,0.172625,0,0
0,4691,0.172875,0,0
0,4692,0.173125,0,0
0,4693,0.173375,0,0
0,4694,0.173625,0,0
0,4695,0.173875,0,0
0,4696,0.174125,0,0
0,4697,0.174375,0,0
0,4698,0.174625,0,0
0,4699,0.174875,0,0
0,4700,0.175125,0,0
0,4701,0.175375,0,0
0,4702,0.175625,0,0
0,4703,0.175875,0,0
0,4704,0.176125,0,0
0,4705,0.176375,0,0
0,4706,0.176625,0,0
0,4707,0.176875,0,0
0,4708,0.177125,0,0
0,4709,0.177375,0,0
0,4710,0.177625,0,0
0,4711,0.177875,0,0
0,4712,0.178125,0,0
0,4713,0.178375,0,0
0,4714,0.178625,0,0
0,4715,0.178875,0,0
0,4716,0.179125,0,0
0,4717,0.179375,0,0
0,4718,0.179625,0,0
0,4719,0.179875,0,0
0,4720,0.180125,0,0
0,4721,0.180375,0,0
0,4722,0.180625,0,0
0,4723,0.180875,0,0
0,4724,0.181125,0,0
0,4725,0.181375,0,0
0,4726,0.181625,0,0
0,4727,0.181875,0,0
0,4728,0.182125,0,0
0,4729,0.182375,0,0
0,4730,0.182625,0,0
0,4731,0.182875,0,0
0,4732,0.183125,0,0
0,4733,0.183375,0,0
0,4734,0.183625,0,0
0,4735,0.183875,0,0
0,4736,0.184125,0,0
0,4737,0.184375,0,0
0,4738,0.184625,0,0
0,4739,0.184875,0,0
0,4740,0.185125,0,0
0,4741,0.185375,0,0
0,4742,0.185625,0,0
0,4743,0.185875,0,0
0,4744,0.186125,0,0
0,4745,0.186375,0,0
0,4746,0.186625,0,0
0,4747,0.186875,0,0
0,4748,0.187125,0,0
0,4749,0.187375,0,0
0,4750,0.187625,0,0
0,4751,0.187875,0,0
0,4752,0.188125,0,0
0,4753,0.188375,0,0
0,4754,0.188625,0,0
0,4755,0.188875,0,0
0,4756,0.189125,0,0
0,4757,0.189375,0,0
0,4758,0.189625,0,0
0,4759,0.189875,0,0
0,4760,0.190125,0,0
0,4761,0.190375,0,0
0,4762,0.190625,0,0
0,4763,0.190875,0,0
0,4764,0.191125,0,0
0,4765,0.191375,0,0
0,4766,0.191625,0,0
0,4767,0.191875,0,0
0,4768,0.192125,0,0
0,4769,0.192375,0,0
0,4770,0.192625,0,0
0,4771,0.192875,0,0
0,4772,0.193125,0,0
0,4773,0.193375,0,0
0,4774,0.193625,0,0
0,4775,0.193875,0,0
0,4776,0.194125,0,0
0,4777,0.194375,0,0
0,4778,0.194625,0,0
0,4779,0.194875,0,0
0,4780,0.195125,0,0
0,4781,0.195375,0,0
0,4782,0.195625,0,0
0,4783,0.195875,0,0
0,4784,0.196125,0,0
0,4785,0.196375,0,0
0,4786,0.196625,0,0
0,4787,0.196875,0,0
0,4788,0.197125,0,0
0,4789,0.197375,0,0
0,4790,0.197625,0,0
0,4791,0.197875,0,0
0,4792,0.198125,0,0
0,4793,0.198375,0,0
0,4794,0.198625,0,0
0,4795,0.198875,0,0
0,4796,0.199125,0,0
0,4797,0.199375,0,0
0,4798,0.199625,0,0
0,4799,0.199875,0,0
0,4800,0.200125,0,0
0,4801,0.200375,0,0
0,4802,0.200625,0,0
0,4803,0.200875,0,0
0,4804,0.201125,0,0
0,4805,0.201375,0,0
0,4806,0.201625,0,0
0,4807,0.201875,0,0
0,4808,0.202125,0,0
0,4809,0.202375,0,0
0,4810,0.202625,0,0
0,4811,0.202875,0,0
0,4812,0.203125,0,0
0,4813,0.203375,0,0
0,4814,0.203625,0,0
0,4815,0.203875,0,0
0,4816,0.204125,0,0
0,4817,0.204375,0,0
0,4818,0.204625,0,0
0,4819,0.204875,0,0
0,4820,0.205125,0,0
0,4821,0.205375,0,0
0,4822,0.205625,0,0
0,4823,0.205875,0,0
0,4824,0.206125,0,0
0,4825,0.206375,0,0
0,4826,0.206625,0,0
0,4827,0.206875,0,0
0,4828,0.207125,0,0
0,4829,0.207375,0,0
0,4830,0.207625,0,0
0,4831,0.207875,0,0
0,4832,0.208125,0,0
0,4833,0.208375,0,0
0,4834,0.208625,0,0
0,4835,0.208875,0,0
0,4836,0.209125,0,0
0,4837,0.209375,0,0
0,4838,0.209625,0,0
0,4839,0.209875,0,0
0,4840,0.210125,0,0
0,4841,0.210375,0,0
0,4842,0.210625,0,0
0,4843,0.210875,0,0
0,4844,0.211125,0,0
0,4845,0.211375,0,0
0,4846,0.211625,0,0
0,4847,0.211875,0,0
0,4848,0.212125,0,0
0,4849,0.212375,0,0
0,4850,0.212625,0,0
0,4851,0.212875,0,0
0,4852,0.213125,0,0
0,4853,0.213375,0,0
0,4854,0.213625,0,0
0,4855,0.213875,0,0
0,4856,0.214125,0,0
0,4857,0.214375,0,0
0,4858,0.214625,0,0
0,4859,0.214875,0,0
0,4860,0.215125,0,0
0,4861,0.215375,0,0
0,4862,0.215625,0,0
0,4863,0.215875,0,0
0,4864,0.216125,0,0
0,4865,0.216375,0,0
0,4866,0.216625,0,0
0,4867,0.216875,0,0
0,4868,0.217125,0,0
0,4869,0.217375,0,0
0,4870,0.217625,0,0
0,4871,0.217875,0,0
0,4872,0.218125,0,0
0,4873,0.218375,0,0
0,4874,0.218625,0,0
0,4875,0.218875,0,0
0,4876,0.219125,0,0
0,4877,0.219375,0,0
0,4878,0.219625,0,0
0,4879,0.219875,0,0
0,4880,0.220125,0,0
0,4881,0.220375,0,0
0,4882,0.220625,0,0
0,4883,0.220875,0,0
0,4884,0.221125,0,0
0,4885,0.221375,0,0
0,4886,0.221625,0,0
0,4887,0.221875,0,0
0,4888,0.222125,0,0
0,4889,0.222375,0,0
0,4890,0.222625,0,0
0,4891,0.222875,0,0
0,4892,0.223125,0,0
0,4893,0.223375,0,0
0,4894,0.223625,0,0
0,4895,0.223875,0,0
0,4896,0.224125,0,0
0,4897,0.224375,0,0
0,4898,0.224625,0,0
0,4899,0.224875,0,0
0,4900,0.225125,0,0
0,4901,0.225375,0,0
0,4902,0.225625,0,0
0,4903,0.225875,0,0
0,4904,0.226125,0,0
0,4905,0.226375,0,0
0,4906,0.226625,0,0
0,4907,0.226875,0,0
0,4908,0.227125,0,0
0,4909,0.227375,0,0
0,4910,0.227625,0,0
0,4911,0.227875,0,0
0,4912,0.228125,0,0
0,4913,0.228375,0,0
0,4914,0.228625,0,0
0,4915,0.228875,0,0
0,4916,0.229125,0,0
0,4917,0.229375,0,0
0,4918,0.229625,0,0
0,4919,0.229875,0,0
0,4920,0.230125,0,0
0,4921,0.230375,0,0
0,4922,0.230625,0,0
0,4923,0.230875,0,0
0,4924,0.231125,0,0
0,4925,0.231375,0,0
0,4926,0.231625,0,0
0,4927,0.231875,0,0
0,4928,0.232125,0,0
0,4929,0.232375,0,0
0,4930,0.232625,0,0
0,4931,0.232875,0,0
0,4932,0.233125,0,0
0,4933,0.233375,0,0
0,4934,0.233625,0,0
0,4935,0.233875,0,0
0,4936,0.234125,0,0
0,4937,0.234375,0,0
0,4938,0.234625,0,0
0,4939,0.234875,0,0
0,4940,0.235125,0,0
0,4941,0.235375,0,0
0,4942,0.235625,0,0
0,4943,0.235875,0,0
0,4944,0.236125,0,0
0,4945,0.236375,0,0
0,4946,0.236625,0,0
0,4947,0.236875,0,0
0,4948,0.237125,0,0
0,4949,0.237375,0,0
0,4950,0.237625,0,0
0,4951,0.237875,0,0
0,4952,0.238125,0,0
0,4953,0.238375,0,0
0,4954,0.238625,0,0
0,4955,0.238875,0,0
0,4956,0.239125,0,0
0,4957,0.239375,0,0
0,4958,0.239625,0,0
0,4959,0.239875,0,0
0,4960,0.240125,0,0
0,4961,0.240375,0,0
0,4962,0.240625,0,0
0,4963,0.240875,0,0
0,4964,0.241125,0,0
0,4965,0.241375,0,0
0,4966,0.241625,0,0
0,4967,0.241875,0,0
0,4968,0.242125,0,0
0,4969,0.242375,0,0
0,4970,0.242625,0,0
0,4971,0.242875,0,0
0,4972,0.243125,0,0
0,4973,0.243375,0,0
0,4974,0.243625,0,0
0,4975,0.243875,0,0
0,4976,0.244125,0,0
0,4977,0.244375,0,0
0,4978,0.244625,0,0
0,4979,0.244875,0,0
0,4980,0.245125,0,0
0,4981,0.245375,0,0
0,4982,0.245625,0,0
0,4983,0.245875,0,0
0,4984,0.246125,0,0
0,4985,0.246375,0,0
0,4986,0.246625,0,0
0,4987,0.246875,0,0
0,4988,0.247125,0,0
0,4989,0.247375,0,0
0,4990,0.247625,0,0
0,4991,0.247875,0,0
0,4992,0.248125,0,0
0,4993,0.248375,0,0
0,4994,0.248625,0,0
0,4995,0.248875,0,0
0,4996,0.249125,0,0
0,4997,0.249375,0,0
0,4998,0.249625,0,0
0,4999,0.249875,0,0
0,5000,0.250125,0,0
0,5001,0.250375,0,0
0,5002,0.250625,0,0
0,5003,0.250875,0,0
0,5004,0.251125,0,0
0,5005,0.251375,0,0
0,5006,0.251625,0,0
0,5007,0.251875,0,0
0,5008,0.252125,0,0
0,5009,0.252375,0,0
0,5010,0.252625,0,0
0,5011,0.252875,0,0
0,5012,0.253125,0,0
0,5013,0.253375,0,0
0,5014,0.253625,0,0
0,5015,0.253875,0,0
0,5016,0.254125,0,0
0,5017,0.254375,0,0
0,5018,0.254625,0,0
0,5019,0.254875,0,0
0,5020,0.255125,0,0
0,5021,0.255375,0,0
0,5022,0.255625,0,0
0,5023,0.255875,0,0
0,5024,0.256125,0,0
0,5025,0.256375,0,0
0,5026,0.256625,0,0
0,5027,0.256875,0,0
0,5028,0.257125,0,0
0,5029,0.257375,0,0
0,5030,0.257625,0,0
0,5031,0.257875,0,0
0,5032,0.258125,0,0
0,5033,0.258375,0,0
0,5034,0.258625,0,0
0,5035,0.258875,0,0
0,5036,0.259125,0,0
0,5037,0.259375,0,0
0,5038,0.259625,0,0
0,5039,0.259875,0,0
0,5040,0.260125,0,0
0,5041,0.260375,0,0
0,5042,0.260625,0,0
0,5043,0.260875,0,0
0,5044,0.261125,0,0
0,5045,0.261375,0,0
0,5046,0.261625,0,0
0,5047,0.261875,0,0
0,5048,0.262125,0,0
0,5049,0.262375,0,0
0,5050,0.262625,0,0
0,5051,0.262875,0,0
0,5052,0.263125,0,0
0,5053,0.263375,0,0
0,5054,0.263625,0,0
0,5055,0.263875,0,0
0,5056,0.264125,0,0
0,5057,0.264375,0,0
0,5058,0.264625,0,0
0,5059,0.264875,0,0
0,5060,0.265125,0,0
0,5061,0.265375,0,0
0,5062,0.265625,0,0
0,5063,0.265875,0,0
0,5064,0.266125,0,0
0,5065,0.266375,0,0
0,5066,0.266625,0,0
0,5067,0.266875,0,0
0,5068,0.267125,0,0
0,5069,0.267375,0,0
0,5070,0.267625,0,0
0,5071,0.267875,0,0
0,5072,0.268125,0,0
0,5073,0.268375,0,0
0,5074,0.268625,0,0
0,5075,0.268875,0,0
0,5076,0.269125,0,0
0,5077,0.269375,0,0
0,5078,0.269625,0,0
0,5079,0.269875,0,0
0,5080,0.270125,0,0
0,5081,0.270375,0,0
0,5082,0.270625,0,0
0,5083,0.270875,0,0
0,5084,0.271125,0,0
0,5085,0.271375,0,0
0,5086,0.271625,0,0
0,5087,0.271875,0,0
0,5088,0.272125,0,0
0,5089,0.272375,0,0
0,5090,0.272625,0,0
0,5091,0.272875,0,0
0,5092,0.273125,0,0
0,5093,0.273375,0,0
0,5094,0.273625,0,0
0,5095,0.273875,0,0
0,5096,0.274125,0,0
0,5097,0.274375,0,0
0,5098,0.274625,0,0
0,5099,0.274875,0,0
0,5100,0.275125,0,0
0,5101,0.275375,0,0
0,5102,0.275625,0,0
0,5103,0.275875,0,0
0,5104,0.276125,0,0
0,5105,0.276375,0,0
0,5106,0.276625,0,0
0,5107,0.276875,0,0
0,5108,0.277125,0,0
0,5109,0.277375,0,0
0,5110,0.277625,0,0
0,5111,0.277875,0,0
0,5112,0.278125,0,0
0,5113,0.278375,0,0
0,5114,0.278625,0,0
0,5115,0.278875,0,0
0,5116,0.279125,0,0
0,5117,0.279375,0,0
0,5118,0.279625,0,0
0,5119,0.279875,0,0
0,5120,0.280125,0,0
0,5121,0.280375,0,0
0,5122,0.280625,0,0
0,5123,0.280875,0,0
0,5124,0.281125,0,0
0,5125,0.281375,0,0
0,5126,0.281625,0,0
0,5127,0.281875,0,0
0,5128,0.282125,0,0
0,5129,0.282375,0,0
0,5130,0.282625,0,0
0,5131,0.282875,0,0
0,5132,0.283125,0,0
0,5133,0.283375,0,0
0,5134,0.283625,0,0
0,5135,0.283875,0,0
0,5136,0.284125,0,0
0,5137,0.284375,0,0
0,5138,0.284625,0,0
0,5139,0.284875,0,0
0,5140,0.285125,0,0
0,5141,0.285375,0,0
0,5142,0.285625,0,0
0,5143,0.285875,0,0
0,5144,0.286125,0,0
0,5145,0.286375,0,0
0,5146,0.286625,0,0
0,5147,0.286875,0,0
0,5148,0.287125,0,0
0,5149,0.287375,0,0
0,5150,0.287625,0,0
0,5151,0.287875,0,0
0,5152,0.288125,0,0
0,5153,0.288375,0,0
0,5154,0.288625,0,0
0,5155,0.288875,0,0
0,5156,0.289125,0,0
0,5157,0.289375,0,0
0,5158,0.289625,0,0
0,5159,0.289875,0,0
0,5160,0.290125,0,0
0,5161,0.290375,0,0
0,5162,0.290625,0,0
0,5163,0.290875,0,0
0,5164,0.291125,0,0
0,5165,0.291375,0,0
0,5166,0.291625,0,0
0,5167,0.291875,0,0
0,5168,0.292125,0,0
0,5169,0.292375,0,0
0,5170,0.292625,0,0
0,5171,0.292875,0,0
0,5172,0.293125,0,0
0,5173,0.293375,0,0
0,5174,0.293625,0,0
0,5175,0.293875,0,0
0,5176,0.294125,0,0
0,5177,0.294375,0,0
0,5178,0.294625,0,0
0,5179,0.294875,0,0
0,5180,0.295125,0,0
0,5181,0.295375,0,0
0,5182,0.295625,0,0
0,5183,0.295875,0,0
0,5184,0.296125,0,0
0,5185,0.296375,0,0
0,5186,0.296625,0,0
0,5187,0.296875,0,0
0,5188,0.297125,0,0
0,5189,0.297375,0,0
0,5190,0.297625,0,0
0,5191,0.297875,0,0
0,5192,0.298125,0,0
0,5193,0.298375,0,0
0,5194,0.298625,0,0
0,5195,0.298875,0,0
0,5196,0.299125,0,0
0,5197,0.299375,0,0
0,5198,0.299625,0,0
0,5199,0.299875,0,0
0,5200,0.300125,0,0
0,5201,0.300375,0,0
0,5202,0.300625,0,0
0,5203,0.300875,0,0
0,5204,0.301125,0,0
0,5205,0.301375,0,0
0,5206,0.301625,0,0
0,5207,0.301875,0,0
0,5208,0.302125,0,0
0,5209,0.302375,0,0
0,5210,0.302625,0,0
0,5211,0.302875,0,0
0,5212,0.303125,0,0
0,5213,0.303375,0,0
0,5214,0.303625,0,0
0,5215,0.303875,0,0
0,5216,0.304125,0,0
0,5217,0.304375,0,0
0,5218,0.304625,0,0
0,5219,0.304875,0,0
0,5220,0.305125,0,0
0,5221,0.305375,0,0
0,5222,0.305625,0,0
0,5223,0.305875,0,0
0,5224,0.306125,0,0
0,5225,0.306375,0,0
0,5226,0.306625,0,0
0,5227,0.306875,0,0
0,5228,0.307125,0,0
0,5229,0.307375,0,0
0,5230,0.307625,0,0
0,5231,0.307875,0,0
0,5232,0.308125,0,0
0,5233,0.308375,0,0
0,5234,0.308625,0,0
0,5235,0.308875,0,0
0,5236,0.309125,0,0
0,5237,0.309375,0,0
0,5238,0.309625,0,0
0,5239,0.309875,0,0
0,5240,0.310125,0,0
0,5241,0.310375,0,0
0,5242,0.310625,0,0
0,5243,0.310875,0,0
0,5244,0.311125,0,0
0,5245,0.311375,0,0
0,5246,0.311625,0,0
0,5247,0.311875,0,0
0,5248,0.312125,0,0
0,5249,0.312375,0,0
0,5250,0.312625,0,0
0,5251,0.312875,0,0
0,5252,0.313125,0,0
0,5253,0.313375,0,0
0,5254,0.313625,0,0
0,5255,0.313875,0,0
0,5256,0.314125,0,0
0,5257,0.314375,0,0
0,5258,0.314625,0,0
0,5259,0.314875,0,0
0,5260,0.315125,0,0
0,5261,0.315375,0,0
0,5262,0.315625,0,0
0,5263,0.315875,0,0
0,5264,0.316125,0,0
0,5265,0.316375,0,0
0,5266,0.316625,0,0
0,5267,0.316875,0,0
0,5268,0.317125,0,0
0,5269,0.317375,0,0
0,5270,0.317625,0,0
0,5271,0.317875,0,0
0,5272,0.318125,0,0
0,5273,0.318375,0,0
0,5274,0.318625,0,0
0,5275,0.318875,0,0
0,5276,0.319125,0,0
0,5277,0.319375,0,0
0,5278,0.319625,0,0
0,5279,0.319875,0,0
0,5280,0.320125,0,0
0,5281,0.320375,0,0
0,5282,0.320625,0,0
0,5283,0.320875,0,0
0,5284,0.321125,0,0
0,5285,0.321375,0,0
0,5286,0.321625,0,0
0,5287,0.321875,0,0
0,5288,0.322125,0,0
0,5289,0.322375,0,0
0,5290,0.322625,0,0
0,5291,0.322875,0,0
0,5292,0.323125,0,0
0,5293,0.323375,0,0
0,5294,0.323625,0,0
0,5295,0.323875,0,0
0,5296,0.324125,0,0
0,5297,0.324375,0,0
0,5298,0.324625,0,0
0,5299,0.324875,0,0
0,5300,0.325125,0,0
0,5301,0.325375,0,0
0,5302,0.325625,0,0
0,5303,0.325875,0,0
0,5304,0.326125,0,0
0,5305,0.326375,0,0
0,5306,0.326625,0,0
0,5307,0.326875,0,0
0,5308,0.327125,0,0
0,5309,0.327375,0,0
0,5310,0.327625,0,0
0,5311,0.327875,0,0
0,5312,0.328125,0,0
0,5313,0.328375,0,0
0,5314,0.328625,0,0
0,5315,0.328875,0,0
0,5316,0.329125,0,0
0,5317,0.329375,0,0
0,5318,0.329625,0,0
0,5319,0.329875,0,0
0,5320,0.330125,0,0
0,5321,0.330375,0,0
0,5322,0.330625,0,0
0,5323,0.330875,0,0
0,5324,0.331125,0,0
0,5325,0.331375,0,0
0,5326,0.331625,0,0
0,5327,0.331875,0,0
0,5328,0.332125,0,0
0,5329,0.332375,0,0
0,5330,0.332625,0,0
0,5331,0.332875,0,0
0,5332,0.333125,0,0
0,5333,0.333375,0,0
0,5334,0.333625,0,0
0,5335,0.333875,0,0
0,5336,0.334125,0,0
0,5337,0.334375,0,0
0,5338,0.334625,0,0
0,5339,0.334875,0,0
0,5340,0.335125,0,0
0,5341,0.335375,0,0
0,5342,0.335625,0,0
0,5343,0.335875,0,0
0,5344,0.336125,0,0
0,5345,0.336375,0,0
0,5346,0.336625,0,0
0,5347,0.336875,0,0
0,5348,0.337125,0,0
0,5349,0.337375,0,0
0,5350,0.337625,0,0
0,5351,0.337875,0,0
0,5352,0.338125,0,0
0,5353,0.338375,0,0
0,5354,0.338625,0,0
0,5355,0.338875,0,0
0,5356,0.339125,0,0
0,5357,0.339375,0,0
0,5358,0.339625,0,0
0,5359,0.339875,0,0
0,5360,0.340125,0,0
0,5361,0.340375,0,0
0,5362,0.340625,0,0
0,5363,0.340875,0,0
0,5364,0.341125,0,0
0,5365,0.341375,0,0
0,5366,0.341625,0,0
0,5367,0.341875,0,0
0,5368,0.342125,0,0
0,5369,0.342375,0,0
0,5370,0.342625,0,0
0,5371,0.342875,0,0
0,5372,0.343125,0,0
0,5373,0.343375,0,0
0,5374,0.343625,0,0
0,5375,0.343875,0,0
0,5376,0.344125,0,0
0,5377,0.344375,0,0
0,5378,0.344625,0,0
0,5379,0.344875,0,0
0,5380,0.345125,0,0
0,5381,0.345375,0,0
0,5382,0.345625,0,0
0,5383,0.345875,0,0
0,5384,0.346125,0,0
0,5385,0.346375,0,0
0,5386,0.346625,0,0
0,5387,0.346875,0,0
0,5388,0.347125,0,0
0,5389,0.347375,0,0
0,5390,0.347625,0,0
0,5391,0.347875,0,0
0,5392,0.348125,0,0
0,5393,0.348375,0,0
0,5394,0.348625,0,0
0,5395,0.348875,0,0
0,5396,0.349125,0,0
0,5397,0.349375,0,0
0,5398,0.349625,0,0
0,5399,0.349875,0,0
0,5400,0.350125,0,0
0,5401,0.350375,0,0
0,5402,0.350625,0,0
0,5403,0.350875,0,0
0,5404,0.351125,0,0
0,5405,0.351375,0,0
0,5406,0.351625,0,0
0,5407,0.351875,0,0
0,5408,0.352125,0,0
0,5409,0.352375,0,0
0,5410,0.352625,0,0
0,5411,0.352875,0,0
0,5412,0.353125,0,0
0,5413,0.353375,0,0
0,5414,0.353625,0,0
0,5415,0.353875,0,0
0,5416,0.354125,0,0
0,5417,0.354375,0,0
0,5418,0.354625,0,0
0,5419,0.354875,0,0
0,5420,0.355125,0,0
0,5421,0.355375,0,0
0,5422,0.355625,0,0
0,5423,0.355875,0,0
0,5424,0.356125,0,0
0,5425,0.356375,0,0
0,5426,0.356625,0,0
0,5427,0.356875,0,0
0,5428,0.357125,0,0
0,5429,0.357375,0,0
0,5430,0.357625,0,0
0,5431,0.357875,0,0
0,5432,0.358125,0,0
0,5433,0.358375,0,0
0,5434,0.358625,0,0
0,5435,0.358875,0,0
0,5436,0.359125,0,0
0,5437,0.359375,0,0
0,5438,0.359625,0,0
0,5439,0.359875,0,0
0,5440,0.360125,0,0
0,5441,0.360375,0,0
0,5442,0.360625,0,0
0,5443,0.360875,0,0
0,5444,0.361125,0,0
0,5445,0.361375,0,0
0,5446,0.361625,0,0
0,5447,0.361875,0,0
0,5448,0.362125,0,0
0,5449,0.362375,0,0
0,5450,0.362625,0,0
0,5451,0.362875,0,0
0,5452,0.363125,0,0
0,5453,0.363375,0,0
0,5454,0.363625,0,0
0,5455,0.363875,0,0
0,5456,0.364125,0,0
0,5457,0.364375,0,0
0,5458,0.364625,0,0
0,5459,0.364875,0,0
0,5460,0.365125,0,0
0,5461,0.365375,0,0
0,5462,0.365625,0,0
0,5463,0.365875,0,0
0,5464,0.366125,0,0
0,5465,0.366375,0,0
0,5466,0.366625,0,0
0,5467,0.366875,0,0
0,5468,0.367125,0,0
0,5469,0.367375,0,0
0,5470,0.367625,0,0
0,5471,0.367875,0,0
0,5472,0.368125,0,0
0,5473,0.368375,0,0
0,5474,0.368625,0,0
0,5475,0.368875,0,0
0,5476,0.369125,0,0
0,5477,0.369375,0,0
0,5478,0.369625,0,0
0,5479,0.369875,0,0
0,5480,0.370125,0,0
0,5481,0.370375,0,0
0,5482,0.370625,0,0
0,5483,0.370875,0,0
0,5484,0.371125,0,0
0,5485,0.371375,0,0
0,5486,0.371625,0,0
0,5487,0.371875,0,0
0,5488,0.372125,0,0
0,5489,0.372375,0,0
0,5490,0.372625,0,0
0,5491,0.372875,0,0
0,5492,0.373125,0,0
0,5493,0.373375,0,0
0,5494,0.373625,0,0
0,5495,0.373875,0,0
0,5496,0.374125,0,0
0,5497,0.374375,0,0
0,5498,0.374625,0,0
0,5499,0.374875,0,0
0,5500,0.375125,0,0
0,5501,0.375375,0,0
0,5502,0.375625,0,0
0,5503,0.375875,0,0
0,5504,0.376125,0,0
0,5505,0.376375,0,0
0,5506,0.376625,0,0
0,5507,0.376875,0,0
0,5508,0.377125,0,0
0,5509,0.377375,0,0
0,5510,0.377625,0,0
0,5511,0.377875,0,0
0,5512,0.378125,0,0
0,5513,0.378375,0,0
0,5514,0.378625,0,0
0,5515,0.378875,0,0
0,5516,0.379125,0,0
0,5517,0.379375,0,0
0,5518,0.379625,0,0
0,5519,0.379875,0,0
0,5520,0.380125,0,0
0,5521,0.380375,0,0
0,5522,0.380625,0,0
0,5523,0.380875,0,0
0,5524,0.381125,0,0
0,5525,0.381375,0,0
0,5526,0.381625,0,0
0,5527,0.381875,0,0
0,5528,0.382125,0,0
0,5529,0.382375,0,0
0,5530,0.382625,0,0
0,5531,0.382875,0,0
0,5532,0.383125,0,0
0,5533,0.383375,0,0
0,5534,0.383625,0,0
0,5535,0.383875,0,0
0,5536,0.384125,0,0
0,5537,0.384375,0,0
0,5538,0.384625,0,0
0,5539,0.384875,0,0
0,5540,0.385125,0,0
0,5541,0.385375,0,0
0,5542,0.385625,0,0
0,5543,0.385875,0,0
0,5544,0.386125,0,0
0,5545,0.386375,0,0
0,5546,0.386625,0,0
0,5547,0.386875,0,0
0,5548,0.387125,0,0
0,5549,0.387375,0,0
0,5550,0.387625,0,0
0,5551,0.387875,0,0
0,5552,0.388125,0,0
0,5553,0.388375,0,0
0,5554,0.388625,0,0
0,5555,0.388875,0,0
0,5556,0.389125,0,0
0,5557,0.389375,0,0
0,5558,0.389625,0,0
0,5559,0.389875,0,0
0,5560,0.390125,0,0
0,5561,0.390375,0,0
0,5562,0.390625,0,0
0,5563,0.390875,0,0
0,5564,0.391125,0,0
0,5565,0.391375,0,0
0,5566,0.391625,0,0
0,5567,0.391875,0,0
0,5568,0.392125,0,0
0,5569,0.392375,0,0
0,5570,0.392625,0,0
0,5571,0.392875,0,0
0,5572,0.393125,0,0
0,5573,0.393375,0,0
0,5574,0.393625,0,0
0,5575,0.393875,0,0
0,5576,0.394125,0,0
0,5577,0.394375,0,0
0,5578,0.394625,0,0
0,5579,0.394875,0,0
0,5580,0.395125,0,0
0,5581,0.395375,0,0
0,5582,0.395625,0,0
0,5583,0.395875,0,0
0,5584,0.396125,0,0
0,5585,0.396375,0,0
0,5586,0.396625,0,0
0,5587,0.396875,0,0
0,5588,0.397125,0,0
0,5589,0.397375,0,0
0,5590,0.397625,0,0
0,5591,0.397875,0,0
0,5592,0.398125,0,0
0,5593,0.398375,0,0
0,5594,0.398625,0,0
0,5595,0.398875,0,0
0,5596,0.399125,0,0
0,5597,0.399375,0,0
0,5598,0.399625,0,0
0,5599,0.399875,0,0
0,5600,0.400125,0,0
0,5601,0.400375,0,0
0,5602,0.400625,0,0
0,5603,0.400875,0,0
0,5604,0.401125,0,0
0,5605,0.401375,0,0
0,5606,0.401625,0,0
0,5607,0.401875,0,0
0,5608,0.402125,0,0
0,5609,0.402375,0,0
0,5610,0.402625,0,0
0,5611,0.402875,0,0
0,5612,0.403125,0,0
0,5613,0.403375,0,0
0,5614,0.403625,0,0
0,5615,0.403875,0,0
0,5616,0.404125,0,0
0,5617,0.404375,0,0
0,5618,0.404625,0,0
0,5619,0.404875,0,0
0,5620,0.405125,0,0
0,5621,0.405375,0,0
0,5622,0.405625,0,0
0,5623,0.405875,0,0
0,5624,0.406125,0,0
0,5625,0.406375,0,0
0,5626,0.406625,0,0
0,5627,0.406875,0,0
0,5628,0.407125,0,0
0,5629,0.407375,0,0
0,5630,0.407625,0,0
0,5631,0.407875,0,0
0,5632,0.408125,0,0
0,5633,0.408375,0,0
0,5634,0.408625,0,0
0,5635,0.408875,0,0
0,5636,0.409125,0,0
0,5637,0.409375,0,0
0,5638,0.409625,0,0
0,5639,0.409875,0,0
0,5640,0.410125,0,0
0,5641,0.410375,0,0
0,5642,0.410625,0,0
0,5643,0.410875,0,0
0,5644,0.411125,0,0
0,5645,0.411375,0,0
0,5646,0.411625,0,0
0,5647,0.411875,0,0
0,5648,0.412125,0,0
0,5649,0.412375,0,0
0,5650,0.412625,0,0
0,5651,0.412875,0,0
0,5652,0.413125,0,0
0,5653,0.413375,0,0
0,5654,0.413625,0,0
0,5655,0.413875,0,0
0,5656,0.414125,0,0
0,5657,0.414375,0,0
0,5658,0.414625,0,0
0,5659,0.414875,0,0
0,5660,0.415125,0,0
0,5661,0.415375,0,0
0,5662,0.415625,0,0
0,5663,0.415875,0,0
0,5664,0.416125,0,0
0,5665,0.416375,0,0
0,5666,0.416625,0,0
0,5667,0.416875,0,0
0,5668,0.417125,0,0
0,5669,0.417375,0,0
0,5670,0.417625,0,0
0,5671,0.417875,0,0
0,5672,0.418125,0,0
0,5673,0.418375,0,0
0,5674,0.418625,0,0
0,5675,0.418875,0,0
0,5676,0.419125,0,0
0,5677,0.419375,0,0
0,5678,0.419625,0,0
0,5679,0.419875,0,0
0,5680,0.420125,0,0
0,5681,0.420375,0,0
0,5682,0.420625,0,0
0,5683,0.420875,0,0
0,5684,0.421125,0,0
0,5685,0.421375,0,0
0,5686,0.421625,0,0
0,5687,0.421875,0,0
0,5688,0.422125,0,0
0,5689,0.422375,0,0
0,5690,0.422625,0,0
0,5691,0.422875,0,0
0,5692,0.423125,0,0
0,5693,0.423375,0,0
0,5694,0.423625,0,0
0,5695,0.423875,0,0
0,5696,0.424125,0,0
0,5697,0.424375,0,0
0,5698,0.424625,0,0
0,5699,0.424875,0,0
0,5700,0.425125,0,0
0,5701,0.425375,0,0
0,5702,0.425625,0,0
0,5703,0.425875,0,0
0,5704,0.426125,0,0
0,5705,0.426375,0,0
0,5706,0.426625,0,0
0,5707,0.426875,0,0
0,5708,0.427125,0,0
0,5709,0.427375,0,0
0,5710,0.427625,0,0
0,5711,0.427875,0,0
0,5712,0.428125,0,0
0,5713,0.428375,0,0
0,5714,0.428625,0,0
0,5715,0.428875,0,0
0,5716,0.429125,0,0
0,5717,0.429375,0,0
0,5718,0.429625,0,0
0,5719,0.429875,0,0
0,5720,0.430125,0,0
0,5721,0.430375,0,0
0,5722,0.430625,0,0
0,5723,0.430875,0,0
0,5724,0.431125,0,0
0,5725,0.431375,0,0
0,5726,0.431625,0,0
0,5727,0.431875,0,0
0,5728,0.432125,0,0
0,5729,0.432375,0,0
0,5730,0.432625,0,0
0,5731,0.432875,0,0
0,5732,0.433125,0,0
0,5733,0.433375,0,0
0,5734,0.433625,0,0
0,5735,0.433875,0,0
0,5736,0.434125,0,0
0,5737,0.434375,0,0
0,5738,0.434625,0,0
0,5739,0.434875,0,0
0,5740,0.435125,0,0
0,5741,0.435375,0,0
0,5742,0.435625,0,0
0,5743,0.435875,0,0
0,5744,0.436125,0,0
0,5745,0.436375,0,0
0,5746,0.436625,0,0
0,5747,0.436875,0,0
0,5748,0.437125,0,0
0,5749,0.437375,0,0
0,5750,0.437625,0,0
0,5751,0.437875,0,0
0,5752,0.438125,0,0
0,5753,0.438375,0,0
0,5754,0.438625,0,0
0,5755,0.438875,0,0
0,5756,0.439125,0,0
0,5757,0.439375,0,0
0,5758,0.439625,0,0
0,5759,0.439875,0,0
0,5760,0.440125,0,0
0,5761,0.440375,0,0
0,5762,0.440625,0,0
0,5763,0.440875,0,0
0,5764,0.441125,0,0
0,5765,0.441375,0,0
0,5766,0.441625,0,0
0,5767,0.441875,0,0
0,5768,0.442125,0,0
0,5769,0.442375,0,0
0,5770,0.442625,0,0
0,5771,0.442875,0,0
0,5772,0.443125,0,0
0,5773,0.443375,0,0
0,5774,0.443625,0,0
0,5775,0.443875,0,0
0,5776,0.444125,0,0
0,5777,0.444375,0,0
0,5778,0.444625,0,0
0,5779,0.444875,0,0
0,5780,0.445125,0,0
0,5781,0.445375,0,0
0,5782,0.445625,0,0
0,5783,0.445875,0,0
0,5784,0.446125,0,0
0,5785,0.446375,0,0
0,5786,0.446625,0,0
0,5787,0.446875,0,0
0,5788,0.447125,0,0
0,5789,0.447375,0,0
0,5790,0.447625,0,0
0,5791,0.447875,0,0
0,5792,0.448125,0,0
0,5793,0.448375,0,0
0,5794,0.448625,0,0
0,5795,0.448875,0,0
0,5796,0.449125,0,0
0,5797,0.449375,0,0
0,5798,0.449625,0,0
0,5799,0.449875,0,0
0,5800,0.450125,0,0
0,5801,0.450375,0,0
0,5802,0.450625,0,0
0,5803,0.450875,0,0
0,5804,0.451125,0,0
0,5805,0.451375,0,0
0,5806,0.451625,0,0
0,5807,0.451875,0,0
0,5808,0.452125,0,0
0,5809,0.452375,0,0
0,5810,0.452625,0,0
0,5811,0.452875,0,0
0,5812,0.453125,0,0
0,5813,0.453375,0,0
0,5814,0.453625,0,0
0,5815,0.453875,0,0
0,5816,0.454125,0,0
0,5817,0.454375,0,0
0,5818,0.454625,0,0
0,5819,0.454875,0,0
0,5820,0.455125,0,0
0,5821,0.455375,0,0
0,5822,0.455625,0,0
0,5823,0.455875,0,0
0,5824,0.456125,0,0
0,5825,0.456375,0,0
0,5826,0.456625,0,0
0,5827,0.456875,0,0
0,5828,0.457125,0,0
0,5829,0.457375,0,0
0,5830,0.457625,0,0
0,5831,0.457875,0,0
0,5832,0.458125,0,0
0,5833,0.458375,0,0
0,5834,0.458625,0,0
0,5835,0.458875,0,0
0,5836,0.459125,0,0
0,5837,0.459375,0,0
0,5838,0.459625,0,0
0,5839,0.459875,0,0
0,5840,0.460125,0,0
0,5841,0.460375,0,0
0,5842,0.460625,0,0
0,5843,0.460875,0,0
0,5844,0.461125,0,0
0,5845,0.461375,0,0
0,5846,0.461625,0,0
0,5847,0.461875,0,0
0,5848,0.462125,0,0
0,5849,0.462375,0,0
0,5850,0.462625,0,0
0,5851,0.462875,0,0
0,5852,0.463125,0,0
0,5853,0.463375,0,0
0,5854,0.463625,0,0
0,5855,0.463875,0,0
0,5856,0.464125,0,0
0,5857,0.464375,0,0
0,5858,0.464625,0,0
0,5859,0.464875,0,0
0,5860,0.465125,0,0
0,5861,0.465375,0,0
0,5862,0.465625,0,0
0,5863,0.465875,0,0
0,5864,0.466125,0,0
0,5865,0.466375,0,0
0,5866,0.466625,0,0
0,5867,0.466875,0,0
0,5868,0.467125,0,0
0,5869,0.467375,0,0
0,5870,0.467625,0,0
0,5871,0.467875,0,0
0,5872,0.468125,0,0
0,5873,0.468375,0,0
0,5874,0.468625,0,0
0,5875,0.468875,0,0
0,5876,0.469125,0,0
0,5877,0.469375,0,0
0,5878,0.469625,0,0
0,5879,0.469875,0,0
0,5880,0.470125,0,0
0,5881,0.470375,0,0
0,5882,0.470625,0,0
0,5883,0.470875,0,0
0,5884,0.471125,0,0
0,5885,0.471375,0,0
0,5886,0.471625,0,0
0,5887,0.471875,0,0
0,5888,0.472125,0,0
0,5889,0.472375,0,0
0,5890,0.472625,0,0
0,5891,0.472875,0,0
0,5892,0.473125,0,0
0,5893,0.473375,0,0
0,5894,0.473625,0,0
0,5895,0.473875,0,0
0,5896,0.474125,0,0
0,5897,0.474375,0,0
0,5898,0.474625,0,0
0,5899,0.474875,0,0
0,5900,0.475125,0,0
0,5901,0.475375,0,0
0,5902,0.475625,0,0
0,5903,0.475875,0,0
0,5904,0.476125,0,0
0,5905,0.476375,0,0
0,5906,0.476625,0,0
0,5907,0.476875,0,0
0,5908,0.477125,0,0
0,5909,0.477375,0,0
0,5910,0.477625,0,0
0,5911,0.477875,0,0
0,5912,0.478125,0,0
0,5913,0.478375,0,0
0,5914,0.478625,0,0
0,5915,0.478875,0,0
0,5916,0.479125,0,0
0,5917,0.479375,0,0
0,5918,0.479625,0,0
0,5919,0.479875,0,0
0,5920,0.480125,0,0
0,5921,0.480375,0,0
0,5922,0.480625,0,0
0,5923,0.480875,0,0
0,5924,0.481125,0,0
0,5925,0.481375,0,0
0,5926,0.481625,0,0
0,5927,0.481875,0,0
0,5928,0.482125,0,0
0,5929,0.482375,0,0
0,5930,0.482625,0,0
0,5931,0.482875,0,0
0,5932,0.483125,0,0
0,5933,0.483375,0,0
0,5934,0.483625,0,0
0,5935,0.483875,0,0
0,5936,0.484125,0,0
0,5937,0.484375,0,0
0,5938,0.484625,0,0
0,5939,0.484875,0,0
0,5940,0.485125,0,0
0,5941,0.485375,0,0
0,5942,0.485625,0,0
0,5943,0.485875,0,0
0,5944,0.486125,0,0
0,5945,0.486375,0,0
0,5946,0.486625,0,0
0,5947,0.486875,0,0
0,5948,0.487125,0,0
0,5949,0.487375,0,0
0,5950,0.487625,0,0
0,5951,0.487875,0,0
0,5952,0.488125,0,0
0,5953,0.488375,0,0
0,5954,0.488625,0,0
0,5955,0.488875,0,0
0,5956,0.489125,0,0
0,5957,0.489375,0,0
0,5958,0.489625,0,0
0,5959,0.489875,0,0
0,5960,0.490125,0,0
0,5961,0.490375,0,0
0,5962,0.490625,0,0
0,5963,0.490875,0,0
0,5964,0.491125,0,0
0,5965,0.491375,0,0
0,5966,0.491625,0,0
0,5967,0.491875,0,0
0,5968,0.492125,0,0
0,5969,0.492375,0,0
0,5970,0.492625,0,0
0,5971,0.492875,0,0
0,5972,0.493125,0,0
0,5973,0.493375,0,0
0,5974,0.493625,0,0
0,5975,0.493875,0,0
0,5976,0.494125,0,0
0,5977,0.494375,0,0
0,5978,0.494625,0,0
0,5979,0.494875,0,0
0,5980,0.495125,0,0
0,5981,0.495375,0,0
0,5982,0.495625,0,0
0,5983,0.495875,0,0
0,5984,0.496125,0,0
0,5985,0.496375,0,0
0,5986,0.496625,0,0
0,5987,0.496875,0,0
0,5988,0.497125,0,0
0,5989,0.497375,0,0
0,5990,0.497625,0,0
0,5991,0.497875,0,0
0,5992,0.498125,0,0
0,5993,0.498375,0,0
0,5994,0.498625,0,0
0,5995,0.498875,0,0
0,5996,0.499125,0,0
0,5997,0.499375,0,0
0,5998,0.499625,0,0
0,5999,0.499875,0,0
0,6000,0.500125,0,0
0,6001,0.500375,0,0
0,6002,0.500625,0,0
0,6003,0.500875,0,0
0,6004,0.501125,0,0
0,6005,0.501375,0,0
0,6006,0.501625,0,0
0,6007,0.501875,0,0
0,6008,0.502125,0,0
0,6009,0.502375,0,0
0,6010,0.502625,0,0
0,6011,0.502875,0,0
0,6012,0.503125,0,0
0,6013,0.503375,0,0
0,6014,0.503625,0,0
0,6015,0.503875,0,0
0,6016,0.504125,0,0
0,6017,0.504375,0,0
0,6018,0.504625,0,0
0,6019,0.504875,0,0
0,6020,0.505125,0,0
0,6021,0.505375,0,0
0,6022,0.505625,0,0
0,6023,0.505875,0,0
0,6024,0.506125,0,0
0,6025,0.506375,0,0
0,6026,0.506625,0,0
0,6027,0.506875,0,0
0,6028,0.507125,0,0
0,6029,0.507375,0,0
0,6030,0.507625,0,0
0,6031,0.507875,0,0
0,6032,0.508125,0,0
0,6033,0.508375,0,0
0,6034,0.508625,0,0
0,6035,0.508875,0,0
0,6036,0.509125,0,0
0,6037,0.509375,0,0
0,6038,0.509625,0,0
0,6039,0.509875,0,0
0,6040,0.510125,0,0
0,6041,0.510375,0,0
0,6042,0.510625,0,0
0,6043,0.510875,0,0
0,6044,0.511125,0,0
0,6045,0.511375,0,0
0,6046,0.511625,0,0
0,6047,0.511875,0,0
0,6048,0.512125,0,0
0,6049,0.512375,0,0
0,6050,0.512625,0,0
0,6051,0.512875,0,0
0,6052,0.513125,0,0
0,6053,0.513375,0,0
0,6054,0.513625,0,0
0,6055,0.513875,0,0
0,6056,0.514125,0,0
0,6057,0.514375,0,0
0,6058,0.514625,0,0
0,6059,0.514875,0,0
0,6060,0.515125,0,0
0,6061,0.515375,0,0
0,6062,0.515625,0,0
0,6063,0.515875,0,0
0,6064,0.516125,0,0
0,6065,0.516375,0,0
0,6066,0.516625,0,0
0,6067,0.516875,0,0
0,6068,0.517125,0,0
0,6069,0.517375,0,0
0,6070,0.517625,0,0
0,6071,0.517875,0,0
0,6072,0.518125,0,0
0,6073,0.518375,0,0
0,6074,0.518625,0,0
0,6075,0.518875,0,0
0,6076,0.519125,0,0
0,6077,0.519375,0,0
0,6078,0.519625,0,0
0,6079,0.519875,0,0
0,6080,0.520125,0,0
0,6081,0.520375,0,0
0,6082,0.520625,0,0
0,6083,0.520875,0,0
0,6084,0.521125,0,0
0,6085,0.521375,0,0
0,6086,0.521625,0,0
0,6087,0.521875,0,0
0,6088,0.522125,0,0
0,6089,0.522375,0,0
0,6090,0.522625,0,0
0,6091,0.522875,0,0
0,6092,0.523125,0,0
0,6093,0.523375,0,0
0,6094,0.523625,0,0
0,6095,0.523875,0,0
0,6096,0.524125,0,0
0,6097,0.524375,0,0
0,6098,0.524625,0,0
0,6099,0.524875,0,0
0,6100,0.525125,0,0
0,6101,0.525375,0,0
0,6102,0.525625,0,0
0,6103,0.525875,0,0
0,6104,0.526125,0,0
0,6105,0.526375,0,0
0,6106,0.526625,0,0
0,6107,0.526875,0,0
0,6108,0.527125,0,0
0,6109,0.527375,0,0
0,6110,0.527625,0,0
0,6111,0.527875,0,0
0,6112,0.528125,0,0
0,6113,0.528375,0,0
0,6114,0.528625,0,0
0,6115,0.528875,0,0
0,6116,0.529125,0,0
0,6117,0.529375,0,0
0,6118,0.529625,0,0
0,6119,0.529875,0,0
0,6120,0.530125,0,0
0,6121,0.530375,0,0
0,6122,0.530625,0,0
0,6123,0.530875,0,0
0,6124,0.531125,0,0
0,6125,0.531375,0,0
0,6126,0.531625,0,0
0,6127,0.531875,0,0
0,6128,0.532125,0,0
0,6129,0.532375,0,0
0,6130,0.532625,0,0
0,6131,0.532875,0,0
0,6132,0.533125,0,0
0,6133,0.533375,0,0
0,6134,0.533625,0,0
0,6135,0.533875,0,0
0,6136,0.534125,0,0
0,6137,0.534375,0,0
0,6138,0.534625,0,0
0,6139,0.534875,0,0
0,6140,0.535125,0,0
0,6141,0.535375,0,0
0,6142,0.535625,0,0
0,6143,0.535875,0,0
0,6144,0.536125,0,0
0,6145,0.536375,0,0
0,6146,0.536625,0,0
0,6147,0.536875,0,0
0,6148,0.537125,0,0
0,6149,0.537375,0,0
0,6150,0.537625,0,0
0,6151,0.537875,0,0
0,6152,0.538125,0,0
0,6153,0.538375,0,0
0,6154,0.538625,0,0
0,6155,0.538875,0,0
0,6156,0.539125,0,0
0,6157,0.539375,0,0
0,6158,0.539625,0,0
0,6159,0.539875,0,0
0,6160,0.540125,0,0
0,6161,0.540375,0,0
0,6162,0.540625,0,0
0,6163,0.540875,0,0
0,6164,0.541125,0,0
0,6165,0.541375,0,0
0,6166,0.541625,0,0
0,6167,0.541875,0,0
0,6168,0.542125,0,0
0,6169,0.542375,0,0
0,6170,0.542625,0,0
0,6171,0.542875,0,0
0,6172,0.543125,0,0
0,6173,0.543375,0,0
0,6174,0.543625,0,0
0,6175,0.543875,0,0
0,6176,0.544125,0,0
0,6177,0.544375,0,0
0,6178,0.544625,0,0
0,6179,0.544875,0,0
0,6180,0.545125,0,0
0,6181,0.545375,0,0
0,6182,0.545625,0,0
0,6183,0.545875,0,0
0,6184,0.546125,0,0
0,6185,0.546375,0,0
0,6186,0.546625,0,0
0,6187,0.546875,0,0
0,6188,0.547125,0,0
0,6189,0.547375,0,0
0,6190,0.547625,0,0
0,6191,0.547875,0,0
0,6192,0.548125,0,0
0,6193,0.548375,0,0
0,6194,0.548625,0,0
0,6195,0.548875,0,0
0,6196,0.549125,0,0
0,6197,0.549375,0,0
0,6198,0.549625,0,0
0,6199,0.549875,0,0
0,6200,0.550125,0,0
0,6201,0.550375,0,0
0,6202,0.550625,0,0
0,6203,0.550875,0,0
0,6204,0.551125,0,0
0,6205,0.551375,0,0
0,6206,0.551625,0,0
0,6207,0.551875,0,0
0,6208,0.552125,0,0
0,6209,0.552375,0,0
0,6210,0.552625,0,0
0,6211,0.552875,0,0
0,6212,0.553125,0,0
0,6213,0.553375,0,0
0,6214,0.553625,0,0
0,6215,0.553875,0,0
0,6216,0.554125,0,0
0,6217,0.554375,0,0
0,6218,0.554625,0,0
0,6219,0.554875,0,0
0,6220,0.555125,0,0
0,6221,0.555375,0,0
0,6222,0.555625,0,0
0,6223,0.555875,0,0
0,6224,0.556125,0,0
0,6225,0.556375,0,0
0,6226,0.556625,0,0
0,6227,0.556875,0,0
0,6228,0.557125,0,0
0,6229,0.557375,0,0
0,6230,0.557625,0,0
0,6231,0.557875,0,0
0,6232,0.558125,0,0
0,6233,0.558375,0,0
0,6234,0.558625,0,0
0,6235,0.558875,0,0
0,6236,0.559125,0,0
0,6237,0.559375,0,0
0,6238,0.559625,0,0
0,6239,0.559875,0,0
0,6240,0.560125,0,0
0,6241,0.560375,0,0
0,6242,0.560625,0,0
0,6243,0.560875,0,0
0,6244,0.561125,0,0
0,6245,0.561375,0,0
0,6246,0.561625,0,0
0,6247,0.561875,0,0
0,6248,0.562125,0,0
0,6249,0.562375,0,0
0,6250,0.562625,0,0
0,6251,0.562875,0,0
0,6252,0.563125,0,0
0,6253,0.563375,0,0
0,6254,0.563625,0,0
0,6255,0.563875,0,0
0,6256,0.564125,0,0
0,6257,0.564375,0,0
0,6258,0.564625,0,0
0,6259,0.564875,0,0
0,6260,0.565125,0,0
0,6261,0.565375,0,0
0,6262,0.565625,0,0
0,6263,0.565875,0,0
0,6264,0.566125,0,0
0,6265,0.566375,0,0
0,6266,0.566625,0,0
0,6267,0.566875,0,0
0,6268,0.567125,0,0
0,6269,0.567375,0,0
0,6270,0.567625,0,0
0,6271,0.567875,0,0
0,6272,0.568125,0,0
0,6273,0.568375,0,0
0,6274,0.568625,0,0
0,6275,0.568875,0,0
0,6276,0.569125,0,0
0,6277,0.569375,0,0
0,6278,0.569625,0,0
0,6279,0.569875,0,0
0,6280,0.570125,0,0
0,6281,0.570375,0,0
0,6282,0.570625,0,0
0,6283,0.570875,0,0
0,6284,0.571125,0,0
0,6285,0.571375,0,0
0,6286,0.571625,0,0
0,6287,0.571875,0,0
0,6288,0.572125,0,0
0,6289,0.572375,0,0
0,6290,0.572625,0,0
0,6291,0.572875,0,0
0,6292,0.573125,0,0
0,6293,0.573375,0,0
0,6294,0.573625,0,0
0,6295,0.573875,0,0
0,6296,0.574125,0,0
0,6297,0.574375,0,0
0,6298,0.574625,0,0
0,6299,0.574875,0,0
0,6300,0.575125,0,0
0,6301,0.575375,0,0
0,6302,0.575625,0,0
0,6303,0.575875,0,0
0,6304,0.576125,0,0
0,6305,0.576375,0,0
0,6306,0.576625,0,0
0,6307,0.576875,0,0
0,6308,0.577125,0,0
0,6309,0.577375,0,0
0,6310,0.577625,0,0
0,6311,0.577875,0,0
0,6312,0.578125,0,0
0,6313,0.578375,0,0
0,6314,0.578625,0,0
0,6315,0.578875,0,0
0,6316,0.579125,0,0
0,6317,0.579375,0,0
0,6318,0.579625,0,0
0,6319,0.579875,0,0
0,6320,0.580125,0,0
0,6321,0.580375,0,0
0,6322,0.580625,0,0
0,6323,0.580875,0,0
0,6324,0.581125,0,0
0,6325,0.581375,0,0
0,6326,0.581625,0,0
0,6327,0.581875,0,0
0,6328,0.582125,0,0
0,6329,0.582375,0,0
0,6330,0.582625,0,0
0,6331,0.582875,0,0
0,6332,0.583125,0,0
0,6333,0.583375,0,0
0,6334,0.583625,0,0
0,6335,0.583875,0,0
0,6336,0.584125,0,0
0,6337,0.584375,0,0
0,6338,0.584625,0,0
0,6339,0.584875,0,0
0,6340,0.585125,0,0
0,6341,0.585375,0,0
0,6342,0.585625,0,0
0,6343,0.585875,0,0
0,6344,0.586125,0,0
0,6345,0.586375,0,0
0,6346,0.586625,0,0
0,6347,0.586875,0,0
0,6348,0.587125,0,0
0,6349,0.587375,0,0
0,6350,0.587625,0,0
0,6351,0.587875,0,0
0,6352,0.588125,0,0
0,6353,0.588375,0,0
0,6354,0.588625,0,0
0,6355,0.588875,0,0
0,6356,0.589125,0,0
0,6357,0.589375,0,0
0,6358,0.589625,0,0
0,6359,0.589875,0,0
0,6360,0.590125,0,0
0,6361,0.590375,0,0
0,6362,0.590625,0,0
0,6363,0.590875,0,0
0,6364,0.591125,0,0
0,6365,0.591375,0,0
0,6366,0.591625,0,0
0,6367,0.591875,0,0
0,6368,0.592125,0,0
0,6369,0.592375,0,0
0,6370,0.592625,0,0
0,6371,0.592875,0,0
0,6372,0.593125,0,0
0,6373,0.593375,0,0
0,6374,0.593625,0,0
0,6375,0.593875,0,0
0,6376,0.594125,0,0
0,6377,0.594375,0,0
0,6378,0.594625,0,0
0,6379,0.594875,0,0
0,6380,0.595125,0,0
0,6381,0.595375,0,0
0,6382,0.595625,0,0
0,6383,0.595875,0,0
0,6384,0.596125,0,0
0,6385,0.596375,0,0
0,6386,0.596625,0,0
0,6387,0.596875,0,0
0,6388,0.597125,0,0
0,6389,0.597375,0,0
0,6390,0.597625,0,0
0,6391,0.597875,0,0
0,6392,0.598125,0,0
0,6393,0.598375,0,0
0,6394,0.598625,0,0
0,6395,0.598875,0,0
0,6396,0.599125,0,0
0,6397,0.599375,0,0
0,6398,0.599625,0,0
0,6399,0.599875,0,0
0,6400,0.600125,0,0
0,6401,0.600375,0,0
0,6402,0.600625,0,0
0,6403,0.600875,0,0
0,6404,0.601125,0,0
0,6405,0.601375,0,0
0,6406,0.601625,0,0
0,6407,0.601875,0,0
0,6408,0.602125,0,0
0,6409,0.602375,0,0
0,6410,0.602625,0,0
0,6411,0.602875,0,0
0,6412,0.603125,0,0
0,6413,0.603375,0,0
0,6414,0.603625,0,0
0,6415,0.603875,0,0
0,6416,0.604125,0,0
0,6417,0.604375,0,0
0,6418,0.604625,0,0
0,6419,0.604875,0,0
0,6420,0.605125,0,0
0,6421,0.605375,0,0
0,6422,0.605625,0,0
0,6423,0.605875,0,0
0,6424,0.606125,0,0
0,6425,0.606375,0,0
0,6426,0.606625,0,0
0,6427,0.606875,0,0
0,6428,0.607125,0,0
0,6429,0.607375,0,0
0,6430,0.607625,0,0
0,6431,0.607875,0,0
0,6432,0.608125,0,0
0,6433,0.608375,0,0
0,6434,0.608625,0,0
0,6435,0.608875,0,0
0,6436,0.609125,0,0
0,6437,0.609375,0,0
0,6438,0.609625,0,0
0,6439,0.609875,0,0
0,6440,0.610125,0,0
0,6441,0.610375,0,0
0,6442,0.610625,0,0
0,6443,0.610875,0,0
0,6444,0.611125,0,0
0,6445,0.611375,0,0
0,6446,0.611625,0,0
0,6447,0.611875,0,0
0,6448,0.612125,0,0
0,6449,0.612375,0,0
0,6450,0.612625,0,0
0,6451,0.612875,0,0
0,6452,0.613125,0,0
0,6453,0.613375,0,0
0,6454,0.613625,0,0
0,6455,0.613875,0,0
0,6456,0.614125,0,0
0,6457,0.614375,0,0
0,6458,0.614625,0,0
0,6459,0.614875,0,0
0,6460,0.615125,0,0
0,6461,0.615375,0,0
0,6462,0.615625,0,0
0,6463,0.615875,0,0
0,6464,0.616125,0,0
0,6465,0.616375,0,0
0,6466,0.616625,0,0
0,6467,0.616875,0,0
0,6468,0.617125,0,0
0,6469,0.617375,0,0
0,6470,0.617625,0,0
0,6471,0.617875,0,0
0,6472,0.618125,0,0
0,6473,0.618375,0,0
0,6474,0.618625,0,0
0,6475,0.618875,0,0
0,6476,0.619125,0,0
0,6477,0.619375,0,0
0,6478,0.619625,0,0
0,6479,0.619875,0,0
0,6480,0.620125,0,0
0,6481,0.620375,0,0
0,6482,0.620625,0,0
0,6483,0.620875,0,0
0,6484,0.621125,0,0
0,6485,0.621375,0,0
0,6486,0.621625,0,0
0,6487,0.621875,0,0
0,6488,0.622125,0,0
0,6489,0.622375,0,0
0,6490,0.622625,0,0
0,6491,0.622875,0,0
0,6492,0.623125,0,0
0,6493,0.623375,0,0
0,6494,0.623625,0,0
0,6495,0.623875,0,0
0,6496,0.624125,0,0
0,6497,0.624375,0,0
0,6498,0.624625,0,0
0,6499,0.624875,0,0
0,6500,0.625125,0,0
0,6501,0.625375,0,0
0,6502,0.625625,0,0
0,6503,0.625875,0,0
0,6504,0.626125,0,0
0,6505,0.626375,0,0
0,6506,0.626625,0,0
0,6507,0.626875,0,0
0,6508,0.627125,0,0
0,6509,0.627375,0,0
0,6510,0.627625,0,0
0,6511,0.627875,0,0
0,6512,0.628125,0,0
0,6513,0.628375,0,0
0,6514,0.628625,0,0
0,6515,0.628875,0,0
0,6516,0.629125,0,0
0,6517,0.629375,0,0
0,6518,0.629625,0,0
0,6519,0.629875,0,0
0,6520,0.630125,0,0
0,6521,0.630375,0,0
0,6522,0.630625,0,0
0,6523,0.630875,0,0
0,6524,0.631125,0,0
0,6525,0.631375,0,0
0,6526,0.631625,0,0
0,6527,0.631875,0,0
0,6528,0.632125,0,0
0,6529,0.632375,0,0
0,6530,0.632625,0,0
0,6531,0.632875,0,0
0,6532,0.633125,0,0
0,6533,0.633375,0,0
0,6534,0.633625,0,0
0,6535,0.633875,0,0
0,6536,0.634125,0,0
0,6537,0.634375,0,0
0,6538,0.634625,0,0
0,6539,0.634875,0,0
0,6540,0.635125,0,0
0,6541,0.635375,0,0
0,6542,0.635625,0,0
0,6543,0.635875,0,0
0,6544,0.636125,0,0
0,6545,0.636375,0,0
0,6546,0.636625,0,0
0,6547,0.636875,0,0
0,6548,0.637125,0,0
0,6549,0.637375,0,0
0,6550,0.637625,0,0
0,6551,0.637875,0,0
0,6552,0.638125,0,0
0,6553,0.638375,0,0
0,6554,0.638625,0,0
0,6555,0.638875,0,0
0,6556,0.639125,0,0
0,6557,0.639375,0,0
0,6558,0.639625,0,0
0,6559,0.639875,0,0
0,6560,0.640125,0,0
0,6561,0.640375,0,0
0,6562,0.640625,0,0
0,6563,0.640875,0,0
0,6564,0.641125,0,0
0,6565,0.641375,0,0
0,6566,0.641625,0,0
0,6567,0.641875,0,0
0,6568,0.642125,0,0
0,6569,0.642375,0,0
0,6570,0.642625,0,0
0,6571,0.642875,0,0
0,6572,0.643125,0,0
0,6573,0.643375,0,0
0,6574,0.643625,0,0
0,6575,0.643875,0,0
0,6576,0.644125,0,0
0,6577,0.644375,0,0
0,6578,0.644625,0,0
0,6579,0.644875,0,0
0,6580,0.645125,0,0
0,6581,0.645375,0,0
0,6582,0.645625,0,0
0,6583,0.645875,0,0
0,6584,0.646125,0,0
0,6585,0.646375,0,0
0,6586,0.646625,0,0
0,6587,0.646875,0,0
0,6588,0.647125,0,0
0,6589,0.647375,0,0
0,6590,0.647625,0,0
0,6591,0.647875,0,0
0,6592,0.648125,0,0
0,6593,0.648375,0,0
0,6594,0.648625,0,0
0,6595,0.648875,0,0
0,6596,0.649125,0,0
0,6597,0.649375,0,0
0,6598,0.649625,0,0
0,6599,0.649875,0,0
0,6600,0.650125,0,0
0,6601,0.650375,0,0
0,6602,0.650625,0,0
0,6603,0.650875,0,0
0,6604,0.651125,0,0
0,6605,0.651375,0,0
0,6606,0.651625,0,0
0,6607,0.651875,0,0
0,6608,0.652125,0,0
0,6609,0.652375,0,0
0,6610,0.652625,0,0
0,6611,0.652875,0,0
0,6612,0.653125,0,0
0,6613,0.653375,0,0
0,6614,0.653625,0,0
0,6615,0.653875,0,0
0,6616,0.654125,0,0
0,6617,0.654375,0,0
0,6618,0.654625,0,0
0,6619,0.654875,0,0
0,6620,0.655125,0,0
0,6621,0.655375,0,0
0,6622,0.655625,0,0
0,6623,0.655875,0,0
0,6624,0.656125,0,0
0,6625,0.656375,0,0
0,6626,0.656625,0,0
0,6627,0.656875,0,0
0,6628,0.657125,0,0
0,6629,0.657375,0,0
0,6630,0.657625,0,0
0,6631,0.657875,0,0
0,6632,0.658125,0,0
0,6633,0.658375,0,0
0,6634,0.658625,0,0
0,6635,0.658875,0,0
0,6636,0.659125,0,0
0,6637,0.659375,0,0
0,6638,0.659625,0,0
0,6639,0.659875,0,0
0,6640,0.660125,0,0
0,6641,0.660375,0,0
0,6642,0.660625,0,0
0,6643,0.660875,0,0
0,6644,0.661125,0,0
0,6645,0.661375,0,0
0,6646,0.661625,0,0
0,6647,0.661875,0,0
0,6648,0.662125,0,0
0,6649,0.662375,0,0
0,6650,0.662625,0,0
0,6651,0.662875,0,0
0,6652,0.663125,0,0
0,6653,0.663375,0,0
0,6654,0.663625,0,0
0,6655,0.663875,0,0
0,6656,0.664125,0,0
0,6657,0.664375,0,0
0,6658,0.664625,0,0
0,6659,0.664875,0,0
0,6660,0.665125,0,0
0,6661,0.665375,0,0
0,6662,0.665625,0,0
0,6663,0.665875,0,0
0,6664,0.666125,0,0
0,6665,0.666375,0,0
0,6666,0.666625,0,0
0,6667,0.666875,0,0
0,6668,0.667125,0,0
0,6669,0.667375,0,0
0,6670,0.667625,0,0
0,6671,0.667875,0,0
0,6672,0.668125,0,0
0,6673,0.668375,0,0
0,6674,0.668625,0,0
0,6675,0.668875,0,0
0,6676,0.669125,0,0
0,6677,0.669375,0,0
0,6678,0.669625,0,0
0,6679,0.669875,0,0
0,6680,0.670125,0,0
0,6681,0.670375,0,0
0,6682,0.670625,0,0
0,6683,0.670875,0,0
0,6684,0.671125,0,0
0,6685,0.671375,0,0
0,6686,0.671625,0,0
0,6687,0.671875,0,0
0,6688,0.672125,0,0
0,6689,0.672375,0,0
0,6690,0.672625,0,0
0,6691,0.672875,0,0
0,6692,0.673125,0,0
0,6693,0.673375,0,0
0,6694,0.673625,0,0
0,6695,0.673875,0,0
0,6696,0.674125,0,0
0,6697,0.674375,0,0
0,6698,0.674625,0,0
0,6699,0.674875,0,0
0,6700,0.675125,0,0
0,6701,0.675375,0,0
0,6702,0.675625,0,0
0,6703,0.675875,0,0
0,6704,0.676125,0,0
0,6705,0.676375,0,0
0,6706,0.676625,0,0
0,6707,0.676875,0,0
0,6708,0.677125,0,0
0,6709,0.677375,0,0
0,6710,0.677625,0,0
0,6711,0.677875,0,0
0,6712,0.678125,0,0
0,6713,0.678375,0,0
0,6714,0.678625,0,0
0,6715,0.678875,0,0
0,6716,0.679125,0,0
0,6717,0.679375,0,0
0,6718,0.679625,0,0
0,6719,0.679875,0,0
0,6720,0.680125,0,0
0,6721,0.680375,0,0
0,6722,0.680625,0,0
0,6723,0.680875,0,0
0,6724,0.681125,0,0
0,6725,0.681375,0,0
0,6726,0.681625,0,0
0,6727,0.681875,0,0
0,6728,0.682125,0,0
0,6729,0.682375,0,0
0,6730,0.682625,0,0
0,6731,0.682875,0,0
0,6732,0.683125,0,0
0,6733,0.683375,0,0
0,6734,0.683625,0,0
0,6735,0.683875,0,0
0,6736,0.684125,0,0
0,6737,0.684375,0,0
0,6738,0.684625,0,0
0,6739,0.684875,0,0
0,6740,0.685125,0,0
0,6741,0.685375,0,0
0,6742,0.685625,0,0
0,6743,0.685875,0,0
0,6744,0.686125,0,0
0,6745,0.686375,0,0
0,6746,0.686625,0,0
0,6747,0.686875,0,0
0,6748,0.687125,0,0
0,6749,0.687375,0,0
0,6750,0.687625,0,0
0,6751,0.687875,0,0
0,6752,0.688125,0,0
0,6753,0.688375,0,0
0,6754,0.688625,0,0
0,6755,0.688875,0,0
0,6756,0.689125,0,0
0,6757,0.689375,0,0
0,6758,0.689625,0,0
0,6759,0.689875,0,0
0,6760,0.690125,0,0
0,6761,0.690375,0,0
0,6762,0.690625,0,0
0,6763,0.690875,0,0
0,6764,0.691125,0,0
0,6765,0.691375,0,0
0,6766,0.691625,0,0
0,6767,0.691875,0,0
0,6768,0.692125,0,0
0,6769,0.692375,0,0
0,6770,0.692625,0,0
0,6771,0.692875,0,0
0,6772,0.693125,0,0
0,6773,0.693375,0,0
0,6774,0.693625,0,0
0,6775,0.693875,0,0
0,6776,0.694125,0,0
0,6777,0.694375,0,0
0,6778,0.694625,0,0
0,6779,0.694875,0,0
0,6780,0.695125,0,0
0,6781,0.695375,0,0
0,6782,0.695625,0,0
0,6783,0.695875,0,0
0,6784,0.696125,0,0
0,6785,0.696375,0,0
0,6786,0.696625,0,0
0,6787,0.696875,0,0
0,6788,0.697125,0,0
0,6789,0.697375,0,0
0,6790,0.697625,0,0
0,6791,0.697875,0,0
0,6792,0.698125,0,0
0,6793,0.698375,0,0
0,6794,0.698625,0,0
0,6795,0.698875,0,0
0,6796,0.699125,0,0
0,6797,0.699375,0,0
0,6798,0.699625,0,0
0,6799,0.699875,0,0
0,6800,0.700125,0,0
0,6801,0.700375,0,0
0,6802,0.700625,0,0
0,6803,0.700875,0,0
0,6804,0.701125,0,0
0,6805,0.701375,0,0
0,6806,0.701625,0,0
0,6807,0.701875,0,0
0,6808,0.702125,0,0
0,6809,0.702375,0,0
0,6810,0.702625,0,0
0,6811,0.702875,0,0
0,6812,0.703125,0,0
0,6813,0.703375,0,0
0,6814,0.703625,0,0
0,6815,0.703875,0,0
0,6816,0.704125,0,0
0,6817,0.704375,0,0
0,6818,0.704625,0,0
0,6819,0.704875,0,0
0,6820,0.705125,0,0
0,6821,0.705375,0,0
0,6822,0.705625,0,0
0,6823,0.705875,0,0
0,6824,0.706125,0,0
0,6825,0.706375,0,0
0,6826,0.706625,0,0
0,6827,0.706875,0,0
0,6828,0.707125,0,0
0,6829,0.707375,0,0
0,6830,0.707625,0,0
0,6831,0.707875,0,0
0,6832,0.708125,0,0
0,6833,0.708375,0,0
0,6834,0.708625,0,0
0,6835,0.708875,0,0
0,6836,0.709125,0,0
0,6837,0.709375,0,0
0,6838,0.709625,0,0
0,6839,0.709875,0,0
0,6840,0.710125,0,0
0,6841,0.710375,0,0
0,6842,0.710625,0,0
0,6843,0.710875,0,0
0,6844,0.711125,0,0
0,6845,0.711375,0,0
0,6846,0.711625,0,0
0,6847,0.711875,0,0
0,6848,0.712125,0,0
0,6849,0.712375,0,0
0,6850,0.712625,0,0
0,6851,0.712875,0,0
0,6852,0.713125,0,0
0,6853,0.713375,0,0
0,6854,0.713625,0,0
0,6855,0.713875,0,0
0,6856,0.714125,0,0
0,6857,0.714375,0,0
0,6858,0.714625,0,0
0,6859,0.714875,0,0
0,6860,0.715125,0,0
0,6861,0.715375,0,0
0,6862,0.715625,0,0
0,6863,0.715875,0,0
0,6864,0.716125,0,0
0,6865,0.716375,0,0
0,6866,0.716625,0,0
0,6867,0.716875,0,0
0,6868,0.717125,0,0
0,6869,0.717375,0,0
0,6870,0.717625,0,0
0,6871,0.717875,0,0
0,6872,0.718125,0,0
0,6873,0.718375,0,0
0,6874,0.718625,0,0
0,6875,0.718875,0,0
0,6876,0.719125,0,0
0,6877,0.719375,0,0
0,6878,0.719625,0,0
0,6879,0.719875,0,0
0,6880,0.720125,0,0
0,6881,0.720375,0,0
0,6882,0.720625,0,0
0,6883,0.720875,0,0
0,6884,0.721125,0,0
0,6885,0.721375,0,0
0,6886,0.721625,0,0
0,6887,0.721875,0,0
0,6888,0.722125,0,0
0,6889,0.722375,0,0
0,6890,0.722625,0,0
0,6891,0.722875,0,0
0,6892,0.723125,0,0
0,6893,0.723375,0,0
0,6894,0.723625,0,0
0,6895,0.723875,0,0
0,6896,0.724125,0,0
0,6897,0.724375,0,0
0,6898,0.724625,0,0
0,6899,0.724875,0,0
0,6900,0.725125,0,0
0,6901,0.725375,0,0
0,6902,0.725625,0,0
0,6903,0.725875,0,0
0,6904,0.726125,0,0
0,6905,0.726375,0,0
0,6906,0.726625,0,0
0,6907,0.726875,0,0
0,6908,0.727125,0,0
0,6909,0.727375,0,0
0,6910,0.727625,0,0
0,6911,0.727875,0,0
0,6912,0.728125,0,0
0,6913,0.728375,0,0
0,6914,0.728625,0,0
0,6915,0.728875,0,0
0,6916,0.729125,0,0
0,6917,0.729375,0,0
0,6918,0.729625,0,0
0,6919,0.729875,0,0
0,6920,0.730125,0,0
0,6921,0.730375,0,0
0,6922,0.730625,0,0
0,6923,0.730875,0,0
0,6924,0.731125,0,0
0,6925,0.731375,0,0
0,6926,0.731625,0,0
0,6927,0.731875,0,0
0,6928,0.732125,0,0
0,6929,0.732375,0,0
0,6930,0.732625,0,0
0,6931,0.732875,0,0
0,6932,0.733125,0,0
0,6933,0.733375,0,0
0,6934,0.733625,0,0
0,6935,0.733875,0,0
0,6936,0.734125,0,0
0,6937,0.734375,0,0
0,6938,0.734625,0,0
0,6939,0.734875,0,0
0,6940,0.735125,0,0
0,6941,0.735375,0,0
0,6942,0.735625,0,0
0,6943,0.735875,0,0
0,6944,0.736125,0,0
0,6945,0.736375,0,0
0,6946,0.736625,0,0
0,6947,0.736875,0,0
0,6948,0.737125,0,0
0,6949,0.737375,0,0
0,6950,0.737625,0,0
0,6951,0.737875,0,0
0,6952,0.738125,0,0
0,6953,0.738375,0,0
0,6954,0.738625,0,0
0,6955,0.738875,0,0
0,6956,0.739125,0,0
0,6957,0.739375,0,0
0,6958,0.739625,0,0
0,6959,0.739875,0,0
0,6960,0.740125,0,0
0,6961,0.740375,0,0
0,6962,0.740625,0,0
0,6963,0.740875,0,0
0,6964,0.741125,0,0
0,6965,0.741375,0,0
0,6966,0.741625,0,0
0,6967,0.741875,0,0
0,6968,0.742125,0,0
0,6969,0.742375,0,0
0,6970,0.742625,0,0
0,6971,0.742875,0,0
0,6972,0.743125,0,0
0,6973,0.743375,0,0
0,6974,0.743625,0,0
0,6975,0.743875,0,0
0,6976,0.744125,0,0
0,6977,0.744375,0,0
0,6978,0.744625,0,0
0,6979,0.744875,0,0
0,6980,0.745125,0,0
0,6981,0.745375,0,0
0,6982,0.745625,0,0
0,6983,0.745875,0,0
0,6984,0.746125,0,0
0,6985,0.746375,0,0
0,6986,0.746625,0,0
0,6987,0.746875,0,0
0,6988,0.747125,0,0
0,6989,0.747375,0,0
0,6990,0.747625,0,0
0,6991,0.747875,0,0
0,6992,0.748125,0,0
0,6993,0.748375,0,0
0,6994,0.748625,0,0
0,6995,0.748875,0,0
0,6996,0.749125,0,0
0,6997,0.749375,0,0
0,6998,0.749625,0,0
0,6999,0.749875,0,0
0,7000,0.750125,0,0
0,7001,0.750375,0,0
0,7002,0.750625,0,0
0,7003,0.750875,0,0
0,7004,0.751125,0,0
0,7005,0.751375,0,0
0,7006,0.751625,0,0
0,7007,0.751875,0,0
0,7008,0.752125,0,0
0,7009,0.752375,0,0
0,7010,0.752625,0,0
0,7011,0.752875,0,0
0,7012,0.753125,0,0
0,7013,0.753375,0,0
0,7014,0.753625,0,0
0,7015,0.753875,0,0
0,7016,0.754125,0,0
0,7017,0.754375,0,0
0,7018,0.754625,0,0
0,7019,0.754875,0,0
0,7020,0.755125,0,0
0,7021,0.755375,0,0
0,7022,0.755625,0,0
0,7023,0.755875,0,0
0,7024,0.756125,0,0
0,7025,0.756375,0,0
0,7026,0.756625,0,0
0,7027,0.756875,0,0
0,7028,0.757125,0,0
0,7029,0.757375,0,0
0,7030,0.757625,0,0
0,7031,0.757875,0,0
0,7032,0.758125,0,0
0,7033,0.758375,0,0
0,7034,0.758625,0,0
0,7035,0.758875,0,0
0,7036,0.759125,0,0
0,7037,0.759375,0,0
0,7038,0.759625,0,0
0,7039,0.759875,0,0
0,7040,0.760125,0,0
0,7041,0.760375,0,0
0,7042,0.760625,0,0
0,7043,0.760875,0,0
0,7044,0.761125,0,0
0,7045,0.761375,0,0
0,7046,0.761625,0,0
0,7047,0.761875,0,0
0,7048,0.762125,0,0
0,7049,0.762375,0,0
0,7050,0.762625,0,0
0,7051,0.762875,0,0
0,7052,0.763125,0,0
0,7053,0.763375,0,0
0,7054,0.763625,0,0
0,7055,0.763875,0,0
0,7056,0.764125,0,0
0,7057,0.764375,0,0
0,7058,0.764625,0,0
0,7059,0.764875,0,0
0,7060,0.765125,0,0
0,7061,0.765375,0,0
0,7062,0.765625,0,0
0,7063,0.765875,0,0
0,7064,0.766125,0,0
0,7065,0.766375,0,0
0,7066,0.766625,0,0
0,7067,0.766875,0,0
0,7068,0.767125,0,0
0,7069,0.767375,0,0
0,7070,0.767625,0,0
0,7071,0.767875,0,0
0,7072,0.768125,0,0
0,7073,0.768375,0,0
0,7074,0.768625,0,0
0,7075,0.768875,0,0
0,7076,0.769125,0,0
0,7077,0.769375,0,0
0,7078,0.769625,0,0
0,7079,0.769875,0,0
0,7080,0.770125,0,0
0,7081,0.770375,0,0
0,7082,0.770625,0,0
0,7083,0.770875,0,0
0,7084,0.771125,0,0
0,7085,0.771375,0,0
0,7086,0.771625,0,0
0,7087,0.771875,0,0
0,7088,0.772125,0,0
0,7089,0.772375,0,0
0,7090,0.772625,0,0
0,7091,0.772875,0,0
0,7092,0.773125,0,0
0,7093,0.773375,0,0
0,7094,0.773625,0,0
0,7095,0.773875,0,0
0,7096,0.774125,0,0
0,7097,0.774375,0,0
0,7098,0.774625,0,0
0,7099,0.774875,0,0
0,7100,0.775125,0,0
0,7101,0.775375,0,0
0,7102,0.775625,0,0
0,7103,0.775875,0,0
0,7104,0.776125,0,0
0,7105,0.776375,0,0
0,7106,0.776625,0,0
0,7107,0.776875,0,0
0,7108,0.777125,0,0
0,7109,0.777375,0,0
0,7110,0.777625,0,0
0,7111,0.777875,0,0
0,7112,0.778125,0,0
0,7113,0.778375,0,0
0,7114,0.778625,0,0
0,7115,0.778875,0,0
0,7116,0.779125,0,0
0,7117,0.779375,0,0
0,7118,0.779625,0,0
0,7119,0.779875,0,0
0,7120,0.780125,0,0
0,7121,0.780375,0,0
0,7122,0.780625,0,0
0,7123,0.780875,0,0
0,7124,0.781125,0,0
0,7125,0.781375,0,0
0,7126,0.781625,0,0
0,7127,0.781875,0,0
0,7128,0.782125,0,0
0,7129,0.782375,0,0
0,7130,0.782625,0,0
0,7131,0.782875,0,0
0,7132,0.783125,0,0
0,7133,0.783375,0,0
0,7134,0.783625,0,0
0,7135,0.783875,0,0
0,7136,0.784125,0,0
0,7137,0.784375,0,0
0,7138,0.784625,0,0
0,7139,0.784875,0,0
0,7140,0.785125,0,0
0,7141,0.785375,0,0
0,7142,0.785625,0,0
0,7143,0.785875,0,0
0,7144,0.786125,0,0
0,7145,0.786375,0,0
0,7146,0.786625,0,0
0,7147,0.786875,0,0
0,7148,0.787125,0,0
0,7149,0.787375,0,0
0,7150,0.787625,0,0
0,7151,0.787875,0,0
0,7152,0.788125,0,0
0,7153,0.788375,0,0
0,7154,0.788625,0,0
0,7155,0.788875,0,0
0,7156,0.789125,0,0
0,7157,0.789375,0,0
0,7158,0.789625,0,0
0,7159,0.789875,0,0
0,7160,0.790125,0,0
0,7161,0.790375,0,0
0,7162,0.790625,0,0
0,7163,0.790875,0,0
0,7164,0.791125,0,0
0,7165,0.791375,0,0
0,7166,0.791625,0,0
0,7167,0.791875,0,0
0,7168,0.792125,0,0
0,7169,0.792375,0,0
0,7170,0.792625,0,0
0,7171,0.792875,0,0
0,7172,0.793125,0,0
0,7173,0.793375,0,0
0,7174,0.793625,0,0
0,7175,0.793875,0,0
0,7176,0.794125,0,0
0,7177,0.794375,0,0
0,7178,0.794625,0,0
0,7179,0.794875,0,0
0,7180,0.795125,0,0
0,7181,0.795375,0,0
0,7182,0.795625,0,0
0,7183,0.795875,0,0
0,7184,0.796125,0,0
0,7185,0.796375,0,0
0,7186,0.796625,0,0
0,7187,0.796875,0,0
0,7188,0.797125,0,0
0,7189,0.797375,0,0
0,7190,0.797625,0,0
0,7191,0.797875,0,0
0,7192,0.798125,0,0
0,7193,0.798375,0,0
0,7194,0.798625,0,0
0,7195,0.798875,0,0
0,7196,0.799125,0,0
0,7197,0.799375,0,0
0,7198,0.799625,0,0
0,7199,0.799875,0,0
0,7200,0.800125,0,0
0,7201,0.800375,0,0
0,7202,0.800625,0,0
0,7203,0.800875,0,0
0,7204,0.801125,0,0
0,7205,0.801375,0,0
0,7206,0.801625,0,0
0,7207,0.801875,0,0
0,7208,0.802125,0,0
0,7209,0.802375,0,0
0,7210,0.802625,0,0
0,7211,0.802875,0,0
0,7212,0.803125,0,0
0,7213,0.803375,0,0
0,7214,0.803625,0,0
0,7215,0.803875,0,0
0,7216,0.804125,0,0
0,7217,0.804375,0,0
0,7218,0.804625,0,0
0,7219,0.804875,0,0
0,7220,0.805125,0,0
0,7221,0.805375,0,0
0,7222,0.805625,0,0
0,7223,0.805875,0,0
0,7224,0.806125,0,0
0,7225,0.806375,0,0
0,7226,0.806625,0,0
0,7227,0.806875,0,0
0,7228,0.807125,0,0
0,7229,0.807375,0,0
0,7230,0.807625,0,0
0,7231,0.807875,0,0
0,7232,0.808125,0,0
0,7233,0.808375,0,0
0,7234,0.808625,0,0
0,7235,0.808875,0,0
0,7236,0.809125,0,0
0,7237,0.809375,0,0
0,7238,0.809625,0,0
0,7239,0.809875,0,0
0,7240,0.810125,0,0
0,7241,0.810375,0,0
0,7242,0.810625,0,0
0,7243,0.810875,0,0
0,7244,0.811125,0,0
0,7245,0.811375,0,0
0,7246,0.811625,0,0
0,7247,0.811875,0,0
0,7248,0.812125,0,0
0,7249,0.812375,0,0
0,7250,0.812625,0,0
0,7251,0.812875,0,0
0,7252,0.813125,0,0
0,7253,0.813375,0,0
0,7254,0.813625,0,0
0,7255,0.813875,0,0
0,7256,0.814125,0,0
0,7257,0.814375,0,0
0,7258,0.814625,0,0
0,7259,0.814875,0,0
0,7260,0.815125,0,0
0,7261,0.815375,0,0
0,7262,0.815625,0,0
0,7263,0.815875,0,0
0,7264,0.816125,0,0
0,7265,0.816375,0,0
0,7266,0.816625,0,0
0,7267,0.816875,0,0
0,7268,0.817125,0,0
0,7269,0.817375,0,0
0,7270,0.817625,0,0
0,7271,0.817875,0,0
0,7272,0.818125,0,0
0,7273,0.818375,0,0
0,7274,0.818625,0,0
0,7275,0.818875,0,0
0,7276,0.819125,0,0
0,7277,0.819375,0,0
0,7278,0.819625,0,0
0,7279,0.819875,0,0
0,7280,0.820125,0,0
0,7281,0.820375,0,0
0,7282,0.820625,0,0
0,7283,0.820875,0,0
0,7284,0.821125,0,0
0,7285,0.821375,0,0
0,7286,0.821625,0,0
0,7287,0.821875,0,0
0,7288,0.822125,0,0
0,7289,0.822375,0,0
0,7290,0.822625,0,0
0,7291,0.822875,0,0
0,7292,0.823125,0,0
0,7293,0.823375,0,0
0,7294,0.823625,0,0
0,7295,0.823875,0,0
0,7296,0.824125,0,0
0,7297,0.824375,0,0
0,7298,0.824625,0,0
0,7299,0.824875,0,0
0,7300,0.825125,0,0
0,7301,0.825375,0,0
0,7302,0.825625,0,0
0,7303,0.825875,0,0
0,7304,0.826125,0,0
0,7305,0.826375,0,0
0,7306,0.826625,0,0
0,7307,0.826875,0,0
0,7308,0.827125,0,0
0,7309,0.827375,0,0
0,7310,0.827625,0,0
0,7311,0.827875,0,0
0,7312,0.828125,0,0
0,7313,0.828375,0,0
0,7314,0.828625,0,0
0,7315,0.828875,0,0
0,7316,0.829125,0,0
0,7317,0.829375,0,0
0,7318,0.829625,0,0
0,7319,0.829875,0,0
0,7320,0.830125,0,0
0,7321,0.830375,0,0
0,7322,0.830625,0,0
0,7323,0.830875,0,0
0,7324,0.831125,0,0
0,7325,0.831375,0,0
0,7326,0.831625,0,0
0,7327,0.831875,0,0
0,7328,0.832125,0,0
0,7329,0.832375,0,0
0,7330,0.832625,0,0
0,7331,0.832875,0,0
0,7332,0.833125,0,0
0,7333,0.833375,0,0
0,7334,0.833625,0,0
0,7335,0.833875,0,0
0,7336,0.834125,0,0
0,7337,0.834375,0,0
0,7338,0.834625,0,0
0,7339,0.834875,0,0
0,7340,0.835125,0,0
0,7341,0.835375,0,0
0,7342,0.835625,0,0
0,7343,0.835875,0,0
0,7344,0.836125,0,0
0,7345,0.836375,0,0
0,7346,0.836625,0,0
0,7347,0.836875,0,0
0,7348,0.837125,0,0
0,7349,0.837375,0,0
0,7350,0.837625,0,0
0,7351,0.837875,0,0
0,7352,0.838125,0,0
0,7353,0.838375,0,0
0,7354,0.838625,0,0
0,7355,0.838875,0,0
0,7356,0.839125,0,0
0,7357,0.839375,0,0
0,7358,0.839625,0,0
0,7359,0.839875,0,0
0,7360,0.840125,0,0
0,7361,0.840375,0,0
0,7362,0.840625,0,0
0,7363,0.840875,0,0
0,7364,0.841125,0,0
0,7365,0.841375,0,0
0,7366,0.841625,0,0
0,7367,0.841875,0,0
0,7368,0.842125,0,0
0,7369,0.842375,0,0
0,7370,0.842625,0,0
0,7371,0.842875,0,0
0,7372,0.843125,0,0
0,7373,0.843375,0,0
0,7374,0.843625,0,0
0,7375,0.843875,0,0
0,7376,0.844125,0,0
0,7377,0.844375,0,0
0,7378,0.844625,0,0
0,7379,0.844875,0,0
0,7380,0.845125,0,0
0,7381,0.845375,0,0
0,7382,0.845625,0,0
0,7383,0.845875,0,0
0,7384,0.846125,0,0
0,7385,0.846375,0,0
0,7386,0.846625,0,0
0,7387,0.846875,0,0
0,7388,0.847125,0,0
0,7389,0.847375,0,0
0,7390,0.847625,0,0
0,7391,0.847875,0,0
0,7392,0.848125,0,0
0,7393,0.848375,0,0
0,7394,0.848625,0,0
0,7395,0.848875,0,0
0,7396,0.849125,0,0
0,7397,0.849375,0,0
0,7398,0.849625,0,0
0,7399,0.849875,0,0
0,7400,0.850125,0,0
0,7401,0.850375,0,0
0,7402,0.850625,0,0
0,7403,0.850875,0,0
0,7404,0.851125,0,0
0,7405,0.851375,0,0
0,7406,0.851625,0,0
0,7407,0.851875,0,0
0,7408,0.852125,0,0
0,7409,0.852375,0,0
0,7410,0.852625,0,0
0,7411,0.852875,0,0
0,7412,0.853125,0,0
0,7413,0.853375,0,0
0,7414,0.853625,0,0
0,7415,0.853875,0,0
0,7416,0.854125,0,0
0,7417,0.854375,0,0
0,7418,0.854625,0,0
0,7419,0.854875,0,0
0,7420,0.855125,0,0
0,7421,0.855375,0,0
0,7422,0.855625,0,0
0,7423,0.855875,0,0
0,7424,0.856125,0,0
0,7425,0.856375,0,0
0,7426,0.856625,0,0
0,7427,0.856875,0,0
0,7428,0.857125,0,0
0,7429,0.857375,0,0
0,7430,0.857625,0,0
0,7431,0.857875,0,0
0,7432,0.858125,0,0
0,7433,0.858375,0,0
0,7434,0.858625,0,0
0,7435,0.858875,0,0
0,7436,0.859125,0,0
0,7437,0.859375,0,0
0,7438,0.859625,0,0
0,7439,0.859875,0,0
0,7440,0.860125,0,0
0,7441,0.860375,0,0
0,7442,0.860625,0,0
0,7443,0.860875,0,0
0,7444,0.861125,0,0
0,7445,0.861375,0,0
0,7446,0.861625,0,0
0,7447,0.861875,0,0
0,7448,0.862125,0,0
0,7449,0.862375,0,0
0,7450,0.862625,0,0
0,7451,0.862875,0,0
0,7452,0.863125,0,0
0,7453,0.863375,0,0
0,7454,0.863625,0,0
0,7455,0.863875,0,0
0,7456,0.864125,0,0
0,7457,0.864375,0,0
0,7458,0.864625,0,0
0,7459,0.864875,0,0
0,7460,0.865125,0,0
0,7461,0.865375,0,0
0,7462,0.865625,0,0
0,7463,0.865875,0,0
0,7464,0.866125,0,0
0,7465,0.866375,0,0
0,7466,0.866625,0,0
0,7467,0.866875,0,0
0,7468,0.867125,0,0
0,7469,0.867375,0,0
0,7470,0.867625,0,0
0,7471,0.867875,0,0
0,7472,0.868125,0,0
0,7473,0.868375,0,0
0,7474,0.868625,0,0
0,7475,0.868875,0,0
0,7476,0.869125,0,0
0,7477,0.869375,0,0
0,7478,0.869625,0,0
0,7479,0.869875,0,0
0,7480,0.870125,0,0
0,7481,0.870375,0,0
0,7482,0.870625,0,0
0,7483,0.870875,0,0
0,7484,0.871125,0,0
0,7485,0.871375,0,0
0,7486,0.871625,0,0
0,7487,0.871875,0,0
0,7488,0.872125,0,0
0,7489,0.872375,0,0
0,7490,0.872625,0,0
0,7491,0.872875,0,0
0,7492,0.873125,0,0
0,7493,0.873375,0,0
0,7494,0.873625,0,0
0,7495,0.873875,0,0
0,7496,0.874125,0,0
0,7497,0.874375,0,0
0,7498,0.874625,0,0
0,7499,0.874875,0,0
0,7500,0.875125,0,0
0,7501,0.875375,0,0
0,7502,0.875625,0,0
0,7503,0.875875,0,0
0,7504,0.876125,0,0
0,7505,0.876375,0,0
0,7506,0.876625,0,0
0,7507,0.876875,0,0
0,7508,0.877125,0,0
0,7509,0.877375,0,0
0,7510,0.877625,0,0
0,7511,0.877875,0,0
0,7512,0.878125,0,0
0,7513,0.878375,0,0
0,7514,0.878625,0,0
0,7515,0.878875,0,0
0,7516,0.879125,0,0
0,7517,0.879375,0,0
0,7518,0.879625,0,0
0,7519,0.879875,0,0
0,7520,0.880125,0,0
0,7521,0.880375,0,0
0,7522,0.880625,0,0
0,7523,0.880875,0,0
0,7524,0.881125,0,0
0,7525,0.881375,0,0
0,7526,0.881625,0,0
0,7527,0.881875,0,0
0,7528,0.882125,0,0
0,7529,0.882375,0,0
0,7530,0.882625,0,0
0,7531,0.882875,0,0
0,7532,0.883125,0,0
0,7533,0.883375,0,0
0,7534,0.883625,0,0
0,7535,0.883875,0,0
0,7536,0.884125,0,0
0,7537,0.884375,0,0
0,7538,0.884625,0,0
0,7539,0.884875,0,0
0,7540,0.885125,0,0
0,7541,0.885375,0,0
0,7542,0.885625,0,0
0,7543,0.885875,0,0
0,7544,0.886125,0,0
0,7545,0.886375,0,0
0,7546,0.886625,0,0
0,7547,0.886875,0,0
0,7548,0.887125,0,0
0,7549,0.887375,0,0
0,7550,0.887625,0,0
0,7551,0.887875,0,0
0,7552,0.888125,0,0
0,7553,0.888375,0,0
0,7554,0.888625,0,0
0,7555,0.888875,0,0
0,7556,0.889125,0,0
0,7557,0.889375,0,0
0,7558,0.889625,0,0
0,7559,0.889875,0,0
0,7560,0.890125,0,0
0,7561,0.890375,0,0
0,7562,0.890625,0,0
0,7563,0.890875,0,0
0,7564,0.891125,0,0
0,7565,0.891375,0,0
0,7566,0.891625,0,0
0,7567,0.891875,0,0
0,7568,0.892125,0,0
0,7569,0.892375,0,0
0,7570,0.892625,0,0
0,7571,0.892875,0,0
0,7572,0.893125,0,0
0,7573,0.893375,0,0
0,7574,0.893625,0,0
0,7575,0.893875,0,0
0,7576,0.894125,0,0
0,7577,0.894375,0,0
0,7578,0.894625,0,0
0,7579,0.894875,0,0
0,7580,0.895125,0,0
0,7581,0.895375,0,0
0,7582,0.895625,0,0
0,7583,0.895875,0,0
0,7584,0.896125,0,0
0,7585,0.896375,0,0
0,7586,0.896625,0,0
0,7587,0.896875,0,0
0,7588,0.897125,0,0
0,7589,0.897375,0,0
0,7590,0.897625,0,0
0,7591,0.897875,0,0
0,7592,0.898125,0,0
0,7593,0.898375,0,0
0,7594,0.898625,0,0
0,7595,0.898875,0,0
0,7596,0.899125,0,0
0,7597,0.899375,0,0
0,7598,0.899625,0,0
0,7599,0.899875,0,0
0,7600,0.900125,0,0
0,7601,0.900375,0,0
0,7602,0.900625,0,0
0,7603,0.900875,0,0
0,7604,0.901125,0,0
0,7605,0.901375,0,0
0,7606,0.901625,0,0
0,7607,0.901875,0,0
0,7608,0.902125,0,0
0,7609,0.902375,0,0
0,7610,0.902625,0,0
0,7611,0.902875,0,0
0,7612,0.903125,0,0
0,7613,0.903375,0,0
0,7614,0.903625,0,0
0,7615,0.903875,0,0
0,7616,0.904125,0,0
0,7617,0.904375,0,0
0,7618,0.904625,0,0
0,7619,0.904875,0,0
0,7620,0.905125,0,0
0,7621,0.905375,0,0
0,7622,0.905625,0,0
0,7623,0.905875,0,0
0,7624,0.906125,0,0
0,7625,0.906375,0,0
0,7626,0.906625,0,0
0,7627,0.906875,0,0
0,7628,0.907125,0,0
0,7629,0.907375,0,0
0,7630,0.907625,0,0
0,7631,0.907875,0,0
0,7632,0.908125,0,0
0,7633,0.908375,0,0
0,7634,0.908625,0,0
0,7635,0.908875,0,0
0,7636,0.909125,0,0
0,7637,0.909375,0,0
0,7638,0.909625,0,0
0,7639,0.909875,0,0
0,7640,0.910125,0,0
0,7641,0.910375,0,0
0,7642,0.910625,0,0
0,7643,0.910875,0,0
0,7644,0.911125,0,0
0,7645,0.911375,0,0
0,7646,0.911625,0,0
0,7647,0.911875,0,0
0,7648,0.912125,0,0
0,7649,0.912375,0,0
0,7650,0.912625,0,0
0,7651,0.912875,0,0
0,7652,0.913125,0,0
0,7653,0.913375,0,0
0,7654,0.913625,0,0
0,7655,0.913875,0,0
0,7656,0.914125,0,0
0,7657,0.914375,0,0
0,7658,0.914625,0,0
0,7659,0.914875,0,0
0,7660,0.915125,0,0
0,7661,0.915375,0,0
0,7662,0.915625,0,0
0,7663,0.915875,0,0
0,7664,0.916125,0,0
0,7665,0.916375,0,0
0,7666,0.916625,0,0
0,7667,0.916875,0,0
0,7668,0.917125,0,0
0,7669,0.917375,0,0
0,7670,0.917625,0,0
0,7671,0.917875,0,0
0,7672,0.918125,0,0
0,7673,0.918375,0,0
0,7674,0.918625,0,0
0,7675,0.918875,0,0
0,7676,0.919125,0,0
0,7677,0.919375,0,0
0,7678,0.919625,0,0
0,7679,0.919875,0,0
0,7680,0.920125,0,0
0,7681,0.920375,0,0
0,7682,0.920625,0,0
0,7683,0.920875,0,0
0,7684,0.921125,0,0
0,7685,0.921375,0,0
0,7686,0.921625,0,0
0,7687,0.921875,0,0
0,7688,0.922125,0,0
0,7689,0.922375,0,0
0,7690,0.922625,0,0
0,7691,0.922875,0,0
0,7692,0.923125,0,0
0,7693,0.923375,0,0
0,7694,0.923625,0,0
0,7695,0.923875,0,0
0,7696,0.924125,0,0
0,7697,0.924375,0,0
0,7698,0.924625,0,0
0,7699,0.924875,0,0
0,7700,0.925125,0,0
0,7701,0.925375,0,0
0,7702,0.925625,0,0
0,7703,0.925875,0,0
0,7704,0.926125,0,0
0,7705,0.926375,0,0
0,7706,0.926625,0,0
0,7707,0.926875,0,0
0,7708,0.927125,0,0
0,7709,0.927375,0,0
0,7710,0.927625,0,0
0,7711,0.927875,0,0
0,7712,0.928125,0,0
0,7713,0.928375,0,0
0,7714,0.928625,0,0
0,7715,0.928875,0,0
0,7716,0.929125,0,0
0,7717,0.929375,0,0
0,7718,0.929625,0,0
0,7719,0.929875,0,0
0,7720,0.930125,0,0
0,7721,0.930375,0,0
0,7722,0.930625,0,0
0,7723,0.930875,0,0
0,7724,0.931125,0,0
0,7725,0.931375,0,0
0,7726,0.931625,0,0
0,7727,0.931875,0,0
0,7728,0.932125,0,0
0,7729,0.932375,0,0
0,7730,0.932625,0,0
0,7731,0.932875,0,0
0,7732,0.933125,0,0
0,7733,0.933375,0,0
0,7734,0.933625,0,0
0,7735,0.933875,0,0
0,7736,0.934125,0,0
0,7737,0.934375,0,0
0,7738,0.934625,0,0
0,7739,0.934875,0,0
0,7740,0.935125,0,0
0,7741,0.935375,0,0
0,7742,0.935625,0,0
0,7743,0.935875,0,0
0,7744,0.936125,0,0
0,7745,0.936375,0,0
0,7746,0.936625,0,0
0,7747,0.936875,0,0
0,7748,0.937125,0,0
0,7749,0.937375,0,0
0,7750,0.937625,0,0
0,7751,0.937875,0,0
0,7752,0.938125,0,0
0,7753,0.938375,0,0
0,7754,0.938625,0,0
0,7755,0.938875,0,0
0,7756,0.939125,0,0
0,7757,0.939375,0,0
0,7758,0.939625,0,0
0,7759,0.939875,0,0
0,7760,0.940125,0,0
0,7761,0.940375,0,0
0,7762,0.940625,0,0
0,7763,0.940875,0,0
0,7764,0.941125,0,0
0,7765,0.941375,0,0
0,7766,0.941625,0,0
0,7767,0.941875,0,0
0,7768,0.942125,0,0
0,7769,0.942375,0,0
0,7770,0.942625,0,0
0,7771,0.942875,0,0
0,7772,0.943125,0,0
0,7773,0.943375,0,0
0,7774,0.943625,0,0
0,7775,0.943875,0,0
0,7776,0.944125,0,0
0,7777,0.944375,0,0
0,7778,0.944625,0,0
0,7779,0.944875,0,0
0,7780,0.945125,0,0
0,7781,0.945375,0,0
0,7782,0.945625,0,0
0,7783,0.945875,0,0
0,7784,0.946125,0,0
0,7785,0.946375,0,0
0,7786,0.946625,0,0
0,7787,0.946875,0,0
0,7788,0.947125,0,0
0,7789,0.947375,0,0
0,7790,0.947625,0,0
0,7791,0.947875,0,0
0,7792,0.948125,0,0
0,7793,0.948375,0,0
0,7794,0.948625,0,0
0,7795,0.948875,0,0
0,7796,0.949125,0,0
0,7797,0.949375,0,0
0,7798,0.949625,0,0
0,7799,0.949875,0,0
0,7800,0.950125,0,0
0,7801,0.950375,0,0
0,7802,0.950625,0,0
0,7803,0.950875,0,0
0,7804,0.951125,0,0
0,7805,0.951375,0,0
0,7806,0.951625,0,0
0,7807,0.951875,0,0
0,7808,0.952125,0,0
0,7809,0.952375,0,0
0,7810,0.952625,0,0
0,7811,0.952875,0,0
0,7812,0.953125,0,0
0,7813,0.953375,0,0
0,7814,0.953625,0,0
0,7815,0.953875,0,0
0,7816,0.954125,0,0
0,7817,0.954375,0,0
0,7818,0.954625,0,0
0,7819,0.954875,0,0
0,7820,0.955125,0,0
0,7821,0.955375,0,0
0,7822,0.955625,0,0
0,7823,0.955875,0,0
0,7824,0.956125,0,0
0,7825,0.956375,0,0
0,7826,0.956625,0,0
0,7827,0.956875,0,0
0,7828,0.957125,0,0
0,7829,0.957375,0,0
0,7830,0.957625,0,0
0,7831,0.957875,0,0
0,7832,0.958125,0,0
0,7833,0.958375,0,0
0,7834,0.958625,0,0
0,7835,0.958875,0,0
0,7836,0.959125,0,0
0,7837,0.959375,0,0
0,7838,0.959625,0,0
0,7839,0.959875,0,0
0,7840,0.960125,0,0
0,7841,0.960375,0,0
0,7842,0.960625,0,0
0,7843,0.960875,0,0
0,7844,0.961125,0,0
0,7845,0.961375,0,0
0,7846,0.961625,0,0
0,7847,0.961875,0,0
0,7848,0.962125,0,0
0,7849,0.962375,0,0
0,7850,0.962625,0,0
0,7851,0.962875,0,0
0,7852,0.963125,0,0
0,7853,0.963375,0,0
0,7854,0.963625,0,0
0,7855,0.963875,0,0
0,7856,0.964125,0,0
0,7857,0.964375,0,0
0,7858,0.964625,0,0
0,7859,0.964875,0,0
0,7860,0.965125,0,0
0,7861,0.965375,0,0
0,7862,0.965625,0,0
0,7863,0.965875,0,0
0,7864,0.966125,0,0
0,7865,0.966375,0,0
0,7866,0.966625,0,0
0,7867,0.966875,0,0
0,7868,0.967125,0,0
0,7869,0.967375,0,0
0,7870,0.967625,0,0
0,7871,0.967875,0,0
0,7872,0.968125,0,0
0,7873,0.968375,0,0
0,7874,0.968625,0,0
0,7875,0.968875,0,0
0,7876,0.969125,0,0
0,7877,0.969375,0,0
0,7878,0.969625,0,0
0,7879,0.969875,0,0
0,7880,0.970125,0,0
0,7881,0.970375,0,0
0,7882,0.970625,0,0
0,7883,0.970875,0,0
0,7884,0.971125,0,0
0,7885,0.971375,0,0
0,7886,0.971625,0,0
0,7887,0.971875,0,0
0,7888,0.972125,0,0
0,7889,0.972375,0,0
0,7890,0.972625,0,0
0,7891,0.972875,0,0
0,7892,0.973125,0,0
0,7893,0.973375,0,0
0,7894,0.973625,0,0
0,7895,0.973875,0,0
0,7896,0.974125,0,0
0,7897,0.974375,0,0
0,7898,0.974625,0,0
0,7899,0.974875,0,0
0,7900,0.975125,0,0
0,7901,0.975375,0,0
0,7902,0.975625,0,0
0,7903,0.975875,0,0
0,7904,0.976125,0,0
0,7905,0.976375,0,0
0,7906,0.976625,0,0
0,7907,0.976875,0,0
0,7908,0.977125,0,0
0,7909,0.977375,0,0
0,7910,0.977625,0,0
0,7911,0.977875,0,0
0,7912,0.978125,0,0
0,7913,0.978375,0,0
0,7914,0.978625,0,0
0,7915,0.978875,0,0
0,7916,0.979125,0,0
0,7917,0.979375,0,0
0,7918,0.979625,0,0
0,7919,0.979875,0,0
0,7920,0.980125,0,0
0,7921,0.980375,0,0
0,7922,0.980625,0,0
0,7923,0.980875,0,0
0,7924,0.981125,0,0
0,7925,0.981375,0,0
0,7926,0.981625,0,0
0,7927,0.981875,0,0
0,7928,0.982125,0,0
0,7929,0.982375,0,0
0,7930,0.982625,0,0
0,7931,0.982875,0,0
0,7932,0.983125,0,0
0,7933,0.983375,0,0
0,7934,0.983625,0,0
0,7935,0.983875,0,0
0,7936,0.984125,0,0
0,7937,0.984375,0,0
0,7938,0.984625,0,0
0,7939,0.984875,0,0
0,7940,0.985125,0,0
0,7941,0.985375,0,0
0,7942,0.985625,0,0
0,7943,0.985875,0,0
0,7944,0.986125,0,0
0,7945,0.986375,0,0
0,7946,0.986625,0,0
0,7947,0.986875,0,0
0,7948,0.987125,0,0
0,7949,0.987375,0,0
0,7950,0.987625,0,0
0,7951,0.987875,0,0
0,7952,0.988125,0,0
0,7953,0.988375,0,0
0,7954,0.988625,0,0
0,7955,0.988875,0,0
0,7956,0.989125,0,0
0,7957,0.989375,0,0
0,7958,0.989625,0,0
0,7959,0.989875,0,0
0,7960,0.990125,0,0
0,7961,0.990375,0,0
0,7962,0.990625,0,0
0,7963,0.990875,0,0
0,7964,0.991125,0,0
0,7965,0.991375,0,0
0,7966,0.991625,0,0
0,7967,0.991875,0,0
0,7968,0.992125,0,0
0,7969,0.992375,0,0
0,7970,0.992625,0,0
0,7971,0.992875,0,0
0,7972,0.993125,0,0
0,7973,0.993375,0,0
0,7974,0.993625,0,0
0,7975,0.993875,0,0
0,7976,0.994125,0,0
0,7977,0.994375,0,0
0,7978,0.994625,0,0
0,7979,0.994875,0,0
0,7980,0.995125,0,0
0,7981,0.995375,0,0
0,7982,0.995625,0,0
0,7983,0.995875,0,0
0,7984,0.996125,0,0
0,7985,0.996375,0,0
0,7986,0.996625,0,0
0,7987,0.996875,0,0
0,7988,0.997125,0,0
0,7989,0.997375,0,0
0,7990,0.997625,0,0
0,7991,0.997875,0,0
0,7992,0.998125,0,0
0,7993,0.998375,0,0
0,7994,0.998625,0,0
0,7995,0.998875,0,0
0,7996,0.999125,0,0
0,7997,0.999375,0,0
0,7998,0.999625,0,0
0,7999,0.999875,0,0
